Time,Client,Request,Date
2018-04-02T18:24:12.096Z,::1,get weights,2018-04-02T18:23:53.000Z
2018-04-02T18:24:12.112Z,::1,get data,2018-04-02T18:24:12.000Z
2018-04-02T18:24:21.889Z,::1,put weights,2018-04-02T18:24:13.000Z
2018-04-02T18:24:21.903Z,::1,get data,2018-04-02T18:24:21.000Z
2018-04-02T18:24:22.147Z,::1,put weights,2018-04-02T18:24:22.000Z
2018-04-02T18:24:22.162Z,::1,get data,2018-04-02T18:24:22.000Z
2018-04-02T18:24:22.377Z,::1,put weights,2018-04-02T18:24:22.000Z
2018-04-02T18:24:22.391Z,::1,get data,2018-04-02T18:24:22.000Z
2018-04-02T18:24:22.590Z,::1,put weights,2018-04-02T18:24:22.000Z
2018-04-02T18:24:22.604Z,::1,get data,2018-04-02T18:24:22.000Z
2018-04-02T18:24:22.813Z,::1,put weights,2018-04-02T18:24:22.000Z
2018-04-02T18:24:22.828Z,::1,get data,2018-04-02T18:24:22.000Z
2018-04-02T18:24:32.093Z,::1,put weights,2018-04-02T18:24:22.000Z
2018-04-02T18:24:32.112Z,::1,get data,2018-04-02T18:24:32.000Z
2018-04-02T18:24:32.314Z,::1,put weights,2018-04-02T18:24:32.000Z
2018-04-02T18:24:32.328Z,::1,get data,2018-04-02T18:24:32.000Z
2018-04-02T18:24:32.499Z,::1,put weights,2018-04-02T18:24:32.000Z
2018-04-02T18:24:32.512Z,::1,get data,2018-04-02T18:24:32.000Z
2018-04-02T18:24:32.695Z,::1,put weights,2018-04-02T18:24:32.000Z
2018-04-02T18:24:32.715Z,::1,get data,2018-04-02T18:24:32.000Z
2018-04-02T18:24:32.887Z,::1,put weights,2018-04-02T18:24:32.000Z
2018-04-02T18:24:32.903Z,::1,get data,2018-04-02T18:24:32.000Z
2018-04-02T18:24:33.077Z,::1,put weights,2018-04-02T18:24:33.000Z
2018-04-02T18:24:42.454Z,::1,get data,2018-04-02T18:24:33.000Z
2018-04-02T18:24:42.718Z,::1,get weights,2018-04-02T18:24:42.000Z
2018-04-02T18:24:42.733Z,::1,get data,2018-04-02T18:24:42.000Z
2018-04-02T18:24:52.532Z,::1,put weights,2018-04-02T18:24:44.000Z
2018-04-02T18:24:52.549Z,::1,get data,2018-04-02T18:24:52.000Z
2018-04-02T18:24:52.787Z,::1,put weights,2018-04-02T18:24:52.000Z
2018-04-02T18:24:52.802Z,::1,get data,2018-04-02T18:24:52.000Z
2018-04-02T18:24:53.009Z,::1,put weights,2018-04-02T18:24:52.000Z
2018-04-02T18:24:53.023Z,::1,get data,2018-04-02T18:24:53.000Z
2018-04-02T18:24:53.210Z,::1,put weights,2018-04-02T18:24:53.000Z
2018-04-02T18:24:53.225Z,::1,get data,2018-04-02T18:24:53.000Z
2018-04-02T18:24:53.411Z,::1,put weights,2018-04-02T18:24:53.000Z
2018-04-02T18:24:53.426Z,::1,get data,2018-04-02T18:24:53.000Z
2018-04-02T18:25:02.835Z,::1,put weights,2018-04-02T18:24:53.000Z
2018-04-02T18:25:02.851Z,::1,get data,2018-04-02T18:25:02.000Z
2018-04-02T18:25:03.067Z,::1,put weights,2018-04-02T18:25:03.000Z
2018-04-02T18:25:03.082Z,::1,get data,2018-04-02T18:25:03.000Z
2018-04-02T18:25:03.268Z,::1,put weights,2018-04-02T18:25:03.000Z
2018-04-02T18:25:03.282Z,::1,get data,2018-04-02T18:25:03.000Z
2018-04-02T18:25:03.470Z,::1,put weights,2018-04-02T18:25:03.000Z
2018-04-02T18:25:03.483Z,::1,get data,2018-04-02T18:25:03.000Z
2018-04-02T18:25:03.669Z,::1,put weights,2018-04-02T18:25:03.000Z
2018-04-02T18:25:03.685Z,::1,get data,2018-04-02T18:25:03.000Z
2018-04-02T18:25:12.436Z,::1,put weights,2018-04-02T18:25:03.000Z
2018-04-02T18:25:12.451Z,::1,get data,2018-04-02T18:25:12.000Z
2018-04-02T18:25:12.664Z,::1,put weights,2018-04-02T18:25:12.000Z
2018-04-02T18:25:12.678Z,::1,get data,2018-04-02T18:25:12.000Z
2018-04-02T18:25:12.863Z,::1,put weights,2018-04-02T18:25:12.000Z
2018-04-02T18:25:12.876Z,::1,get data,2018-04-02T18:25:12.000Z
2018-04-02T18:25:13.058Z,::1,put weights,2018-04-02T18:25:13.000Z
2018-04-02T18:25:13.070Z,::1,get data,2018-04-02T18:25:13.000Z
2018-04-02T18:25:13.245Z,::1,put weights,2018-04-02T18:25:13.000Z
2018-04-02T18:25:13.262Z,::1,get data,2018-04-02T18:25:13.000Z
2018-04-02T18:25:22.073Z,::1,put weights,2018-04-02T18:25:13.000Z
2018-04-02T18:25:22.089Z,::1,get data,2018-04-02T18:25:22.000Z
2018-04-02T18:25:22.313Z,::1,put weights,2018-04-02T18:25:22.000Z
2018-04-02T18:25:22.327Z,::1,get data,2018-04-02T18:25:22.000Z
2018-04-02T18:25:22.511Z,::1,put weights,2018-04-02T18:25:22.000Z
2018-04-02T18:25:22.526Z,::1,get data,2018-04-02T18:25:22.000Z
2018-04-02T18:25:22.703Z,::1,put weights,2018-04-02T18:25:22.000Z
2018-04-02T18:25:22.717Z,::1,get data,2018-04-02T18:25:22.000Z
2018-04-02T18:25:22.908Z,::1,put weights,2018-04-02T18:25:22.000Z
2018-04-02T18:25:22.924Z,::1,get data,2018-04-02T18:25:22.000Z
2018-04-02T18:25:32.099Z,::1,put weights,2018-04-02T18:25:23.000Z
2018-04-02T18:25:32.115Z,::1,get data,2018-04-02T18:25:32.000Z
2018-04-02T18:25:32.344Z,::1,put weights,2018-04-02T18:25:32.000Z
2018-04-02T18:25:32.357Z,::1,get data,2018-04-02T18:25:32.000Z
2018-04-02T18:25:32.562Z,::1,put weights,2018-04-02T18:25:32.000Z
2018-04-02T18:25:32.581Z,::1,get data,2018-04-02T18:25:32.000Z
2018-04-02T18:25:32.791Z,::1,put weights,2018-04-02T18:25:32.000Z
2018-04-02T18:25:32.822Z,::1,get data,2018-04-02T18:25:32.000Z
2018-04-02T18:25:33.022Z,::1,put weights,2018-04-02T18:25:33.000Z
2018-04-02T18:25:33.038Z,::1,get data,2018-04-02T18:25:33.000Z
2018-04-02T18:25:41.735Z,::1,put weights,2018-04-02T18:25:33.000Z
2018-04-02T18:25:41.760Z,::1,get data,2018-04-02T18:25:41.000Z
2018-04-02T18:25:41.988Z,::1,put weights,2018-04-02T18:25:41.000Z
2018-04-02T18:25:42.003Z,::1,get data,2018-04-02T18:25:42.000Z
2018-04-02T18:25:42.189Z,::1,put weights,2018-04-02T18:25:42.000Z
2018-04-02T18:25:42.203Z,::1,get data,2018-04-02T18:25:42.000Z
2018-04-02T18:25:42.379Z,::1,put weights,2018-04-02T18:25:42.000Z
2018-04-02T18:25:42.393Z,::1,get data,2018-04-02T18:25:42.000Z
2018-04-02T18:25:42.548Z,::1,put weights,2018-04-02T18:25:42.000Z
2018-04-02T18:25:42.560Z,::1,get data,2018-04-02T18:25:42.000Z
2018-04-02T18:25:51.863Z,::1,put weights,2018-04-02T18:25:42.000Z
2018-04-02T18:25:51.877Z,::1,get data,2018-04-02T18:25:51.000Z
2018-04-02T18:25:52.069Z,::1,put weights,2018-04-02T18:25:52.000Z
2018-04-02T18:25:52.081Z,::1,get data,2018-04-02T18:25:52.000Z
2018-04-02T18:25:52.263Z,::1,put weights,2018-04-02T18:25:52.000Z
2018-04-02T18:25:52.279Z,::1,get data,2018-04-02T18:25:52.000Z
2018-04-02T18:25:52.456Z,::1,put weights,2018-04-02T18:25:52.000Z
2018-04-02T18:25:52.470Z,::1,get data,2018-04-02T18:25:52.000Z
2018-04-02T18:25:52.644Z,::1,put weights,2018-04-02T18:25:52.000Z
2018-04-02T18:25:52.658Z,::1,get data,2018-04-02T18:25:52.000Z
2018-04-02T18:25:52.819Z,::1,put weights,2018-04-02T18:25:52.000Z
2018-04-02T18:25:52.833Z,::1,get data,2018-04-02T18:25:52.000Z
2018-04-02T18:26:01.964Z,::1,put weights,2018-04-02T18:25:52.000Z
2018-04-02T18:26:01.995Z,::1,get data,2018-04-02T18:26:01.000Z
2018-04-02T18:26:02.217Z,::1,put weights,2018-04-02T18:26:02.000Z
2018-04-02T18:26:02.232Z,::1,get data,2018-04-02T18:26:02.000Z
2018-04-02T18:26:02.426Z,::1,put weights,2018-04-02T18:26:02.000Z
2018-04-02T18:26:02.439Z,::1,get data,2018-04-02T18:26:02.000Z
2018-04-02T18:26:02.629Z,::1,put weights,2018-04-02T18:26:02.000Z
2018-04-02T18:26:02.648Z,::1,get data,2018-04-02T18:26:02.000Z
2018-04-02T18:26:02.849Z,::1,put weights,2018-04-02T18:26:02.000Z
2018-04-02T18:26:02.868Z,::1,get data,2018-04-02T18:26:02.000Z
2018-04-02T18:26:12.573Z,::1,put weights,2018-04-02T18:26:03.000Z
2018-04-02T18:26:12.589Z,::1,get data,2018-04-02T18:26:12.000Z
2018-04-02T18:26:12.825Z,::1,put weights,2018-04-02T18:26:12.000Z
2018-04-02T18:26:12.839Z,::1,get data,2018-04-02T18:26:12.000Z
2018-04-02T18:26:13.028Z,::1,put weights,2018-04-02T18:26:13.000Z
2018-04-02T18:26:13.041Z,::1,get data,2018-04-02T18:26:13.000Z
2018-04-02T18:26:13.225Z,::1,put weights,2018-04-02T18:26:13.000Z
2018-04-02T18:26:13.239Z,::1,get data,2018-04-02T18:26:13.000Z
2018-04-02T18:26:13.406Z,::1,put weights,2018-04-02T18:26:13.000Z
2018-04-02T18:26:13.422Z,::1,get data,2018-04-02T18:26:13.000Z
2018-04-02T18:26:22.356Z,::1,put weights,2018-04-02T18:26:13.000Z
2018-04-02T18:26:22.372Z,::1,get data,2018-04-02T18:26:22.000Z
2018-04-02T18:26:22.591Z,::1,put weights,2018-04-02T18:26:22.000Z
2018-04-02T18:26:22.605Z,::1,get data,2018-04-02T18:26:22.000Z
2018-04-02T18:26:22.785Z,::1,put weights,2018-04-02T18:26:22.000Z
2018-04-02T18:26:22.798Z,::1,get data,2018-04-02T18:26:22.000Z
2018-04-02T18:26:22.973Z,::1,put weights,2018-04-02T18:26:22.000Z
2018-04-02T18:26:22.989Z,::1,get data,2018-04-02T18:26:22.000Z
2018-04-02T18:26:23.174Z,::1,put weights,2018-04-02T18:26:23.000Z
2018-04-02T18:26:23.187Z,::1,get data,2018-04-02T18:26:23.000Z
2018-04-02T18:26:32.319Z,::1,put weights,2018-04-02T18:26:23.000Z
2018-04-02T18:26:32.335Z,::1,get data,2018-04-02T18:26:32.000Z
2018-04-02T18:26:32.546Z,::1,put weights,2018-04-02T18:26:32.000Z
2018-04-02T18:26:32.559Z,::1,get data,2018-04-02T18:26:32.000Z
2018-04-02T18:26:32.740Z,::1,put weights,2018-04-02T18:26:32.000Z
2018-04-02T18:26:32.757Z,::1,get data,2018-04-02T18:26:32.000Z
2018-04-02T18:26:32.941Z,::1,put weights,2018-04-02T18:26:32.000Z
2018-04-02T18:26:32.955Z,::1,get data,2018-04-02T18:26:32.000Z
2018-04-02T18:26:33.136Z,::1,put weights,2018-04-02T18:26:33.000Z
2018-04-02T18:26:33.151Z,::1,get data,2018-04-02T18:26:33.000Z
2018-04-02T18:26:42.008Z,::1,put weights,2018-04-02T18:26:33.000Z
2018-04-02T18:26:42.025Z,::1,get data,2018-04-02T18:26:42.000Z
2018-04-02T18:26:42.229Z,::1,put weights,2018-04-02T18:26:42.000Z
2018-04-02T18:26:42.244Z,::1,get data,2018-04-02T18:26:42.000Z
2018-04-02T18:26:42.450Z,::1,put weights,2018-04-02T18:26:42.000Z
2018-04-02T18:26:42.468Z,::1,get data,2018-04-02T18:26:42.000Z
2018-04-02T18:26:42.672Z,::1,put weights,2018-04-02T18:26:42.000Z
2018-04-02T18:26:42.686Z,::1,get data,2018-04-02T18:26:42.000Z
2018-04-02T18:26:42.868Z,::1,put weights,2018-04-02T18:26:42.000Z
2018-04-02T18:26:42.882Z,::1,get data,2018-04-02T18:26:42.000Z
2018-04-02T18:26:52.072Z,::1,put weights,2018-04-02T18:26:43.000Z
2018-04-02T18:26:52.095Z,::1,get data,2018-04-02T18:26:52.000Z
2018-04-02T18:26:52.337Z,::1,put weights,2018-04-02T18:26:52.000Z
2018-04-02T18:26:52.351Z,::1,get data,2018-04-02T18:26:52.000Z
2018-04-02T18:26:52.546Z,::1,put weights,2018-04-02T18:26:52.000Z
2018-04-02T18:26:52.560Z,::1,get data,2018-04-02T18:26:52.000Z
2018-04-02T18:26:52.747Z,::1,put weights,2018-04-02T18:26:52.000Z
2018-04-02T18:26:52.761Z,::1,get data,2018-04-02T18:26:52.000Z
2018-04-02T18:26:52.940Z,::1,put weights,2018-04-02T18:26:52.000Z
2018-04-02T18:26:52.955Z,::1,get data,2018-04-02T18:26:52.000Z
2018-04-02T18:27:01.642Z,::1,put weights,2018-04-02T18:26:53.000Z
2018-04-02T18:27:01.659Z,::1,get data,2018-04-02T18:27:01.000Z
2018-04-02T18:27:01.878Z,::1,put weights,2018-04-02T18:27:01.000Z
2018-04-02T18:27:01.892Z,::1,get data,2018-04-02T18:27:01.000Z
2018-04-02T18:27:02.093Z,::1,put weights,2018-04-02T18:27:02.000Z
2018-04-02T18:27:02.107Z,::1,get data,2018-04-02T18:27:02.000Z
2018-04-02T18:27:02.321Z,::1,put weights,2018-04-02T18:27:02.000Z
2018-04-02T18:27:02.331Z,::1,get data,2018-04-02T18:27:02.000Z
2018-04-02T18:27:02.508Z,::1,put weights,2018-04-02T18:27:02.000Z
2018-04-02T18:27:02.520Z,::1,get data,2018-04-02T18:27:02.000Z
2018-04-02T18:27:11.447Z,::1,put weights,2018-04-02T18:27:02.000Z
2018-04-02T18:27:11.463Z,::1,get data,2018-04-02T18:27:11.000Z
2018-04-02T18:27:11.663Z,::1,put weights,2018-04-02T18:27:11.000Z
2018-04-02T18:27:11.675Z,::1,get data,2018-04-02T18:27:11.000Z
2018-04-02T18:27:11.859Z,::1,put weights,2018-04-02T18:27:11.000Z
2018-04-02T18:27:11.874Z,::1,get data,2018-04-02T18:27:11.000Z
2018-04-02T18:27:12.048Z,::1,put weights,2018-04-02T18:27:12.000Z
2018-04-02T18:27:12.062Z,::1,get data,2018-04-02T18:27:12.000Z
2018-04-02T18:27:12.251Z,::1,put weights,2018-04-02T18:27:12.000Z
2018-04-02T18:27:12.268Z,::1,get data,2018-04-02T18:27:12.000Z
2018-04-02T18:27:21.104Z,::1,put weights,2018-04-02T18:27:12.000Z
2018-04-02T18:27:21.119Z,::1,get data,2018-04-02T18:27:21.000Z
2018-04-02T18:27:21.318Z,::1,put weights,2018-04-02T18:27:21.000Z
2018-04-02T18:27:21.334Z,::1,get data,2018-04-02T18:27:21.000Z
2018-04-02T18:27:21.529Z,::1,put weights,2018-04-02T18:27:21.000Z
2018-04-02T18:27:21.545Z,::1,get data,2018-04-02T18:27:21.000Z
2018-04-02T18:27:21.746Z,::1,put weights,2018-04-02T18:27:21.000Z
2018-04-02T18:27:21.761Z,::1,get data,2018-04-02T18:27:21.000Z
2018-04-02T18:27:21.946Z,::1,put weights,2018-04-02T18:27:21.000Z
2018-04-02T18:27:21.963Z,::1,get data,2018-04-02T18:27:21.000Z
2018-04-02T18:27:32.070Z,::1,put weights,2018-04-02T18:27:22.000Z
2018-04-02T18:27:32.085Z,::1,get data,2018-04-02T18:27:32.000Z
2018-04-02T18:27:32.324Z,::1,put weights,2018-04-02T18:27:32.000Z
2018-04-02T18:27:32.338Z,::1,get data,2018-04-02T18:27:32.000Z
2018-04-02T18:27:32.530Z,::1,put weights,2018-04-02T18:27:32.000Z
2018-04-02T18:27:32.545Z,::1,get data,2018-04-02T18:27:32.000Z
2018-04-02T18:27:32.721Z,::1,put weights,2018-04-02T18:27:32.000Z
2018-04-02T18:27:32.736Z,::1,get data,2018-04-02T18:27:32.000Z
2018-04-02T18:27:32.927Z,::1,put weights,2018-04-02T18:27:32.000Z
2018-04-02T18:27:32.944Z,::1,get data,2018-04-02T18:27:32.000Z
2018-04-02T18:27:42.773Z,::1,put weights,2018-04-02T18:27:33.000Z
2018-04-02T18:27:42.792Z,::1,get data,2018-04-02T18:27:42.000Z
2018-04-02T18:27:42.997Z,::1,put weights,2018-04-02T18:27:42.000Z
2018-04-02T18:27:43.010Z,::1,get data,2018-04-02T18:27:43.000Z
2018-04-02T18:27:43.215Z,::1,put weights,2018-04-02T18:27:43.000Z
2018-04-02T18:27:43.230Z,::1,get data,2018-04-02T18:27:43.000Z
2018-04-02T18:27:43.435Z,::1,put weights,2018-04-02T18:27:43.000Z
2018-04-02T18:27:43.446Z,::1,get data,2018-04-02T18:27:43.000Z
2018-04-02T18:27:43.626Z,::1,put weights,2018-04-02T18:27:43.000Z
2018-04-02T18:27:43.641Z,::1,get data,2018-04-02T18:27:43.000Z
2018-04-02T18:27:53.324Z,::1,put weights,2018-04-02T18:27:43.000Z
2018-04-02T18:27:53.343Z,::1,get data,2018-04-02T18:27:53.000Z
2018-04-02T18:27:53.549Z,::1,put weights,2018-04-02T18:27:53.000Z
2018-04-02T18:27:53.564Z,::1,get data,2018-04-02T18:27:53.000Z
2018-04-02T18:27:53.743Z,::1,put weights,2018-04-02T18:27:53.000Z
2018-04-02T18:27:53.758Z,::1,get data,2018-04-02T18:27:53.000Z
2018-04-02T18:27:53.937Z,::1,put weights,2018-04-02T18:27:53.000Z
2018-04-02T18:27:53.950Z,::1,get data,2018-04-02T18:27:53.000Z
2018-04-02T18:27:54.132Z,::1,put weights,2018-04-02T18:27:54.000Z
2018-04-02T18:27:54.148Z,::1,get data,2018-04-02T18:27:54.000Z
2018-04-02T18:27:54.318Z,::1,put weights,2018-04-02T18:27:54.000Z
2018-04-02T18:28:03.133Z,::1,get data,2018-04-02T18:27:54.000Z
2018-04-02T18:28:03.346Z,::1,put weights,2018-04-02T18:28:03.000Z
2018-04-02T18:28:03.360Z,::1,get data,2018-04-02T18:28:03.000Z
2018-04-02T18:28:03.548Z,::1,put weights,2018-04-02T18:28:03.000Z
2018-04-02T18:28:03.561Z,::1,get data,2018-04-02T18:28:03.000Z
2018-04-02T18:28:03.741Z,::1,put weights,2018-04-02T18:28:03.000Z
2018-04-02T18:28:03.758Z,::1,get data,2018-04-02T18:28:03.000Z
2018-04-02T18:28:03.931Z,::1,put weights,2018-04-02T18:28:03.000Z
2018-04-02T18:28:03.945Z,::1,get data,2018-04-02T18:28:03.000Z
2018-04-02T18:28:04.116Z,::1,put weights,2018-04-02T18:28:04.000Z
2018-04-02T18:28:04.131Z,::1,get data,2018-04-02T18:28:04.000Z
2018-04-02T18:28:14.321Z,::1,put weights,2018-04-02T18:28:04.000Z
2018-04-02T18:28:14.337Z,::1,get data,2018-04-02T18:28:14.000Z
2018-04-02T18:28:14.566Z,::1,put weights,2018-04-02T18:28:14.000Z
2018-04-02T18:28:14.581Z,::1,get data,2018-04-02T18:28:14.000Z
2018-04-02T18:28:14.799Z,::1,put weights,2018-04-02T18:28:14.000Z
2018-04-02T18:28:14.817Z,::1,get data,2018-04-02T18:28:14.000Z
2018-04-02T18:28:15.030Z,::1,put weights,2018-04-02T18:28:15.000Z
2018-04-02T18:28:15.046Z,::1,get data,2018-04-02T18:28:15.000Z
2018-04-02T18:28:15.253Z,::1,put weights,2018-04-02T18:28:15.000Z
2018-04-02T18:28:15.270Z,::1,get data,2018-04-02T18:28:15.000Z
2018-04-02T18:28:25.072Z,::1,put weights,2018-04-02T18:28:15.000Z
2018-04-02T18:28:25.089Z,::1,get data,2018-04-02T18:28:25.000Z
2018-04-02T18:28:25.309Z,::1,put weights,2018-04-02T18:28:25.000Z
2018-04-02T18:28:25.321Z,::1,get data,2018-04-02T18:28:25.000Z
2018-04-02T18:28:25.515Z,::1,put weights,2018-04-02T18:28:25.000Z
2018-04-02T18:28:25.530Z,::1,get data,2018-04-02T18:28:25.000Z
2018-04-02T18:28:25.712Z,::1,put weights,2018-04-02T18:28:25.000Z
2018-04-02T18:28:25.724Z,::1,get data,2018-04-02T18:28:25.000Z
2018-04-02T18:28:25.898Z,::1,put weights,2018-04-02T18:28:25.000Z
2018-04-02T18:28:25.915Z,::1,get data,2018-04-02T18:28:25.000Z
2018-04-02T18:28:35.113Z,::1,put weights,2018-04-02T18:28:26.000Z
2018-04-02T18:28:35.141Z,::1,get data,2018-04-02T18:28:35.000Z
2018-04-02T18:28:35.346Z,::1,put weights,2018-04-02T18:28:35.000Z
2018-04-02T18:28:35.359Z,::1,get data,2018-04-02T18:28:35.000Z
2018-04-02T18:28:35.548Z,::1,put weights,2018-04-02T18:28:35.000Z
2018-04-02T18:28:35.561Z,::1,get data,2018-04-02T18:28:35.000Z
2018-04-02T18:28:35.740Z,::1,put weights,2018-04-02T18:28:35.000Z
2018-04-02T18:28:35.755Z,::1,get data,2018-04-02T18:28:35.000Z
2018-04-02T18:28:35.935Z,::1,put weights,2018-04-02T18:28:35.000Z
2018-04-02T18:28:35.949Z,::1,get data,2018-04-02T18:28:35.000Z
2018-04-02T18:28:45.323Z,::1,put weights,2018-04-02T18:28:36.000Z
2018-04-02T18:28:45.339Z,::1,get data,2018-04-02T18:28:45.000Z
2018-04-02T18:28:45.557Z,::1,put weights,2018-04-02T18:28:45.000Z
2018-04-02T18:28:45.571Z,::1,get data,2018-04-02T18:28:45.000Z
2018-04-02T18:28:45.761Z,::1,put weights,2018-04-02T18:28:45.000Z
2018-04-02T18:28:45.784Z,::1,get data,2018-04-02T18:28:45.000Z
2018-04-02T18:28:45.993Z,::1,put weights,2018-04-02T18:28:45.000Z
2018-04-02T18:28:46.007Z,::1,get data,2018-04-02T18:28:46.000Z
2018-04-02T18:28:46.178Z,::1,put weights,2018-04-02T18:28:46.000Z
2018-04-02T18:28:46.192Z,::1,get data,2018-04-02T18:28:46.000Z
2018-04-02T18:28:55.381Z,::1,put weights,2018-04-02T18:28:46.000Z
2018-04-02T18:28:55.407Z,::1,get data,2018-04-02T18:28:55.000Z
2018-04-02T18:28:55.637Z,::1,put weights,2018-04-02T18:28:55.000Z
2018-04-02T18:28:55.651Z,::1,get data,2018-04-02T18:28:55.000Z
2018-04-02T18:28:55.850Z,::1,put weights,2018-04-02T18:28:55.000Z
2018-04-02T18:28:55.864Z,::1,get data,2018-04-02T18:28:55.000Z
2018-04-02T18:28:56.060Z,::1,put weights,2018-04-02T18:28:56.000Z
2018-04-02T18:28:56.074Z,::1,get data,2018-04-02T18:28:56.000Z
2018-04-02T18:28:56.243Z,::1,put weights,2018-04-02T18:28:56.000Z
2018-04-02T18:28:56.260Z,::1,get data,2018-04-02T18:28:56.000Z
2018-04-02T18:29:05.179Z,::1,put weights,2018-04-02T18:28:56.000Z
2018-04-02T18:29:05.209Z,::1,get data,2018-04-02T18:29:05.000Z
2018-04-02T18:29:05.429Z,::1,put weights,2018-04-02T18:29:05.000Z
2018-04-02T18:29:05.443Z,::1,get data,2018-04-02T18:29:05.000Z
2018-04-02T18:29:05.634Z,::1,put weights,2018-04-02T18:29:05.000Z
2018-04-02T18:29:05.647Z,::1,get data,2018-04-02T18:29:05.000Z
2018-04-02T18:29:05.825Z,::1,put weights,2018-04-02T18:29:05.000Z
2018-04-02T18:29:05.840Z,::1,get data,2018-04-02T18:29:05.000Z
2018-04-02T18:29:06.017Z,::1,put weights,2018-04-02T18:29:06.000Z
2018-04-02T18:29:06.033Z,::1,get data,2018-04-02T18:29:06.000Z
2018-04-02T18:29:15.045Z,::1,put weights,2018-04-02T18:29:06.000Z
2018-04-02T18:29:15.062Z,::1,get data,2018-04-02T18:29:15.000Z
2018-04-02T18:29:15.277Z,::1,put weights,2018-04-02T18:29:15.000Z
2018-04-02T18:29:15.293Z,::1,get data,2018-04-02T18:29:15.000Z
2018-04-02T18:29:15.480Z,::1,put weights,2018-04-02T18:29:15.000Z
2018-04-02T18:29:15.497Z,::1,get data,2018-04-02T18:29:15.000Z
2018-04-02T18:29:15.673Z,::1,put weights,2018-04-02T18:29:15.000Z
2018-04-02T18:29:15.687Z,::1,get data,2018-04-02T18:29:15.000Z
2018-04-02T18:29:15.855Z,::1,put weights,2018-04-02T18:29:15.000Z
2018-04-02T18:29:15.871Z,::1,get data,2018-04-02T18:29:15.000Z
2018-04-02T18:29:16.041Z,::1,put weights,2018-04-02T18:29:16.000Z
2018-04-02T18:29:25.117Z,::1,get data,2018-04-02T18:29:16.000Z
2018-04-02T18:29:25.350Z,::1,put weights,2018-04-02T18:29:25.000Z
2018-04-02T18:29:25.362Z,::1,get data,2018-04-02T18:29:25.000Z
2018-04-02T18:29:25.555Z,::1,put weights,2018-04-02T18:29:25.000Z
2018-04-02T18:29:25.569Z,::1,get data,2018-04-02T18:29:25.000Z
2018-04-02T18:29:25.751Z,::1,put weights,2018-04-02T18:29:25.000Z
2018-04-02T18:29:25.766Z,::1,get data,2018-04-02T18:29:25.000Z
2018-04-02T18:29:25.937Z,::1,put weights,2018-04-02T18:29:25.000Z
2018-04-02T18:29:25.955Z,::1,get data,2018-04-02T18:29:25.000Z
2018-04-02T18:29:34.922Z,::1,put weights,2018-04-02T18:29:26.000Z
2018-04-02T18:29:34.938Z,::1,get data,2018-04-02T18:29:34.000Z
2018-04-02T18:29:35.160Z,::1,put weights,2018-04-02T18:29:35.000Z
2018-04-02T18:29:35.175Z,::1,get data,2018-04-02T18:29:35.000Z
2018-04-02T18:29:35.374Z,::1,put weights,2018-04-02T18:29:35.000Z
2018-04-02T18:29:35.389Z,::1,get data,2018-04-02T18:29:35.000Z
2018-04-02T18:29:35.595Z,::1,put weights,2018-04-02T18:29:35.000Z
2018-04-02T18:29:35.610Z,::1,get data,2018-04-02T18:29:35.000Z
2018-04-02T18:29:35.796Z,::1,put weights,2018-04-02T18:29:35.000Z
2018-04-02T18:29:35.812Z,::1,get data,2018-04-02T18:29:35.000Z
2018-04-02T18:29:44.862Z,::1,put weights,2018-04-02T18:29:35.000Z
2018-04-02T18:29:44.890Z,::1,get data,2018-04-02T18:29:44.000Z
2018-04-02T18:29:45.102Z,::1,put weights,2018-04-02T18:29:45.000Z
2018-04-02T18:29:45.117Z,::1,get data,2018-04-02T18:29:45.000Z
2018-04-02T18:29:45.319Z,::1,put weights,2018-04-02T18:29:45.000Z
2018-04-02T18:29:45.331Z,::1,get data,2018-04-02T18:29:45.000Z
2018-04-02T18:29:45.508Z,::1,put weights,2018-04-02T18:29:45.000Z
2018-04-02T18:29:45.523Z,::1,get data,2018-04-02T18:29:45.000Z
2018-04-02T18:29:45.707Z,::1,put weights,2018-04-02T18:29:45.000Z
2018-04-02T18:29:45.721Z,::1,get data,2018-04-02T18:29:45.000Z
2018-04-02T18:29:54.945Z,::1,put weights,2018-04-02T18:29:45.000Z
2018-04-02T18:29:54.961Z,::1,get data,2018-04-02T18:29:54.000Z
2018-04-02T18:29:55.164Z,::1,put weights,2018-04-02T18:29:55.000Z
2018-04-02T18:29:55.177Z,::1,get data,2018-04-02T18:29:55.000Z
2018-04-02T18:29:55.356Z,::1,put weights,2018-04-02T18:29:55.000Z
2018-04-02T18:29:55.370Z,::1,get data,2018-04-02T18:29:55.000Z
2018-04-02T18:29:55.546Z,::1,put weights,2018-04-02T18:29:55.000Z
2018-04-02T18:29:55.560Z,::1,get data,2018-04-02T18:29:55.000Z
2018-04-02T18:29:55.726Z,::1,put weights,2018-04-02T18:29:55.000Z
2018-04-02T18:29:55.741Z,::1,get data,2018-04-02T18:29:55.000Z
2018-04-02T18:29:55.912Z,::1,put weights,2018-04-02T18:29:55.000Z
2018-04-02T18:29:55.925Z,::1,get data,2018-04-02T18:29:55.000Z
2018-04-02T18:30:05.775Z,::1,put weights,2018-04-02T18:29:56.000Z
2018-04-02T18:30:05.806Z,::1,get data,2018-04-02T18:30:05.000Z
2018-04-02T18:30:06.040Z,::1,put weights,2018-04-02T18:30:06.000Z
2018-04-02T18:30:06.054Z,::1,get data,2018-04-02T18:30:06.000Z
2018-04-02T18:30:06.259Z,::1,put weights,2018-04-02T18:30:06.000Z
2018-04-02T18:30:06.273Z,::1,get data,2018-04-02T18:30:06.000Z
2018-04-02T18:30:06.475Z,::1,put weights,2018-04-02T18:30:06.000Z
2018-04-02T18:30:06.491Z,::1,get data,2018-04-02T18:30:06.000Z
2018-04-02T18:30:06.674Z,::1,put weights,2018-04-02T18:30:06.000Z
2018-04-02T18:30:06.692Z,::1,get data,2018-04-02T18:30:06.000Z
2018-04-02T18:30:16.038Z,::1,put weights,2018-04-02T18:30:06.000Z
2018-04-02T18:30:16.063Z,::1,get data,2018-04-02T18:30:16.000Z
2018-04-02T18:30:16.282Z,::1,put weights,2018-04-02T18:30:16.000Z
2018-04-02T18:30:16.297Z,::1,get data,2018-04-02T18:30:16.000Z
2018-04-02T18:30:16.478Z,::1,put weights,2018-04-02T18:30:16.000Z
2018-04-02T18:30:16.491Z,::1,get data,2018-04-02T18:30:16.000Z
2018-04-02T18:30:16.667Z,::1,put weights,2018-04-02T18:30:16.000Z
2018-04-02T18:30:16.682Z,::1,get data,2018-04-02T18:30:16.000Z
2018-04-02T18:30:16.861Z,::1,put weights,2018-04-02T18:30:16.000Z
2018-04-02T18:30:16.874Z,::1,get data,2018-04-02T18:30:16.000Z
2018-04-02T18:30:28.017Z,::1,put weights,2018-04-02T18:30:17.000Z
2018-04-02T18:30:28.048Z,::1,get data,2018-04-02T18:30:28.000Z
2018-04-02T18:30:28.376Z,::1,put weights,2018-04-02T18:30:28.000Z
2018-04-02T18:30:28.389Z,::1,get data,2018-04-02T18:30:28.000Z
2018-04-02T18:30:28.638Z,::1,put weights,2018-04-02T18:30:28.000Z
2018-04-02T18:30:28.661Z,::1,get data,2018-04-02T18:30:28.000Z
2018-04-02T18:30:28.962Z,::1,put weights,2018-04-02T18:30:28.000Z
2018-04-02T18:30:28.980Z,::1,get data,2018-04-02T18:30:28.000Z
2018-04-02T18:30:38.995Z,::1,put weights,2018-04-02T18:30:38.000Z
2018-04-02T18:30:39.006Z,::1,get data,2018-04-02T18:30:39.000Z
2018-04-02T18:30:39.182Z,::1,put weights,2018-04-02T18:30:39.000Z
2018-04-02T18:30:39.193Z,::1,get data,2018-04-02T18:30:39.000Z
2018-04-02T18:30:39.346Z,::1,put weights,2018-04-02T18:30:39.000Z
2018-04-02T18:30:39.358Z,::1,get data,2018-04-02T18:30:39.000Z
2018-04-02T18:30:39.515Z,::1,put weights,2018-04-02T18:30:39.000Z
2018-04-02T18:30:39.528Z,::1,get data,2018-04-02T18:30:39.000Z
2018-04-02T18:30:39.685Z,::1,put weights,2018-04-02T18:30:39.000Z
2018-04-02T18:30:39.697Z,::1,get data,2018-04-02T18:30:39.000Z
2018-04-02T18:30:48.877Z,::1,put weights,2018-04-02T18:30:39.000Z
2018-04-02T18:30:48.892Z,::1,get data,2018-04-02T18:30:48.000Z
2018-04-02T18:30:49.089Z,::1,put weights,2018-04-02T18:30:49.000Z
2018-04-02T18:30:49.100Z,::1,get data,2018-04-02T18:30:49.000Z
2018-04-02T18:30:49.279Z,::1,put weights,2018-04-02T18:30:49.000Z
2018-04-02T18:30:49.292Z,::1,get data,2018-04-02T18:30:49.000Z
2018-04-02T18:30:49.454Z,::1,put weights,2018-04-02T18:30:49.000Z
2018-04-02T18:30:49.466Z,::1,get data,2018-04-02T18:30:49.000Z
2018-04-02T18:30:49.617Z,::1,put weights,2018-04-02T18:30:49.000Z
2018-04-02T18:30:49.629Z,::1,get data,2018-04-02T18:30:49.000Z
2018-04-02T18:30:49.773Z,::1,put weights,2018-04-02T18:30:49.000Z
2018-04-02T18:30:49.786Z,::1,get data,2018-04-02T18:30:49.000Z
2018-04-02T18:30:59.225Z,::1,put weights,2018-04-02T18:30:49.000Z
2018-04-02T18:30:59.242Z,::1,get data,2018-04-02T18:30:59.000Z
2018-04-02T18:30:59.440Z,::1,put weights,2018-04-02T18:30:59.000Z
2018-04-02T18:30:59.453Z,::1,get data,2018-04-02T18:30:59.000Z
2018-04-02T18:30:59.627Z,::1,put weights,2018-04-02T18:30:59.000Z
2018-04-02T18:30:59.638Z,::1,get data,2018-04-02T18:30:59.000Z
2018-04-02T18:30:59.799Z,::1,put weights,2018-04-02T18:30:59.000Z
2018-04-02T18:30:59.813Z,::1,get data,2018-04-02T18:30:59.000Z
2018-04-02T18:30:59.960Z,::1,put weights,2018-04-02T18:30:59.000Z
2018-04-02T18:30:59.981Z,::1,get data,2018-04-02T18:30:59.000Z
2018-04-02T18:31:00.136Z,::1,put weights,2018-04-02T18:31:00.000Z
2018-04-02T18:31:00.151Z,::1,get data,2018-04-02T18:31:00.000Z
2018-04-02T18:31:09.880Z,::1,put weights,2018-04-02T18:31:00.000Z
2018-04-02T18:31:09.895Z,::1,get data,2018-04-02T18:31:09.000Z
2018-04-02T18:31:10.064Z,::1,put weights,2018-04-02T18:31:10.000Z
2018-04-02T18:31:10.080Z,::1,get data,2018-04-02T18:31:10.000Z
2018-04-02T18:31:10.226Z,::1,put weights,2018-04-02T18:31:10.000Z
2018-04-02T18:31:10.245Z,::1,get data,2018-04-02T18:31:10.000Z
2018-04-02T18:31:10.427Z,::1,put weights,2018-04-02T18:31:10.000Z
2018-04-02T18:31:10.439Z,::1,get data,2018-04-02T18:31:10.000Z
2018-04-02T18:31:10.600Z,::1,put weights,2018-04-02T18:31:10.000Z
2018-04-02T18:31:10.632Z,::1,get data,2018-04-02T18:31:10.000Z
2018-04-02T18:31:10.825Z,::1,put weights,2018-04-02T18:31:10.000Z
2018-04-02T18:31:10.838Z,::1,get data,2018-04-02T18:31:10.000Z
2018-04-02T18:31:20.330Z,::1,put weights,2018-04-02T18:31:11.000Z
2018-04-02T18:31:20.347Z,::1,get data,2018-04-02T18:31:20.000Z
2018-04-02T18:31:20.577Z,::1,put weights,2018-04-02T18:31:20.000Z
2018-04-02T18:31:20.591Z,::1,get data,2018-04-02T18:31:20.000Z
2018-04-02T18:31:20.810Z,::1,put weights,2018-04-02T18:31:20.000Z
2018-04-02T18:31:20.831Z,::1,get data,2018-04-02T18:31:20.000Z
2018-04-02T18:31:20.989Z,::1,put weights,2018-04-02T18:31:20.000Z
2018-04-02T18:31:21.003Z,::1,get data,2018-04-02T18:31:21.000Z
2018-04-02T18:31:21.154Z,::1,put weights,2018-04-02T18:31:21.000Z
2018-04-02T18:31:21.176Z,::1,get data,2018-04-02T18:31:21.000Z
2018-04-02T18:31:30.711Z,::1,put weights,2018-04-02T18:31:21.000Z
2018-04-02T18:31:30.738Z,::1,get data,2018-04-02T18:31:30.000Z
2018-04-02T18:31:30.960Z,::1,put weights,2018-04-02T18:31:30.000Z
2018-04-02T18:31:30.985Z,::1,get data,2018-04-02T18:31:30.000Z
2018-04-02T18:31:31.191Z,::1,put weights,2018-04-02T18:31:31.000Z
2018-04-02T18:31:31.214Z,::1,get data,2018-04-02T18:31:31.000Z
2018-04-02T18:31:31.379Z,::1,put weights,2018-04-02T18:31:31.000Z
2018-04-02T18:31:31.390Z,::1,get data,2018-04-02T18:31:31.000Z
2018-04-02T18:31:31.545Z,::1,put weights,2018-04-02T18:31:31.000Z
2018-04-02T18:31:31.559Z,::1,get data,2018-04-02T18:31:31.000Z
2018-04-02T18:31:31.698Z,::1,put weights,2018-04-02T18:31:31.000Z
2018-04-02T18:31:40.557Z,::1,get data,2018-04-02T18:31:31.000Z
2018-04-02T18:31:40.733Z,::1,put weights,2018-04-02T18:31:40.000Z
2018-04-02T18:31:40.743Z,::1,get data,2018-04-02T18:31:40.000Z
2018-04-02T18:31:40.903Z,::1,put weights,2018-04-02T18:31:40.000Z
2018-04-02T18:31:40.926Z,::1,get data,2018-04-02T18:31:40.000Z
2018-04-02T18:31:41.082Z,::1,put weights,2018-04-02T18:31:41.000Z
2018-04-02T18:31:41.094Z,::1,get data,2018-04-02T18:31:41.000Z
2018-04-02T18:31:41.262Z,::1,put weights,2018-04-02T18:31:41.000Z
2018-04-02T18:31:41.283Z,::1,get data,2018-04-02T18:31:41.000Z
2018-04-02T18:31:41.444Z,::1,put weights,2018-04-02T18:31:41.000Z
2018-04-02T18:31:41.458Z,::1,get data,2018-04-02T18:31:41.000Z
2018-04-02T18:31:50.713Z,::1,put weights,2018-04-02T18:31:41.000Z
2018-04-02T18:31:50.737Z,::1,get data,2018-04-02T18:31:50.000Z
2018-04-02T18:31:50.888Z,::1,put weights,2018-04-02T18:31:50.000Z
2018-04-02T18:31:50.901Z,::1,get data,2018-04-02T18:31:50.000Z
2018-04-02T18:31:51.050Z,::1,put weights,2018-04-02T18:31:51.000Z
2018-04-02T18:31:51.063Z,::1,get data,2018-04-02T18:31:51.000Z
2018-04-02T18:31:51.211Z,::1,put weights,2018-04-02T18:31:51.000Z
2018-04-02T18:31:51.235Z,::1,get data,2018-04-02T18:31:51.000Z
2018-04-02T18:31:51.382Z,::1,put weights,2018-04-02T18:31:51.000Z
2018-04-02T18:31:51.393Z,::1,get data,2018-04-02T18:31:51.000Z
2018-04-02T18:31:51.536Z,::1,put weights,2018-04-02T18:31:51.000Z
2018-04-02T18:31:51.547Z,::1,get data,2018-04-02T18:31:51.000Z
2018-04-02T18:31:51.695Z,::1,put weights,2018-04-02T18:31:51.000Z
2018-04-02T18:31:51.708Z,::1,get data,2018-04-02T18:31:51.000Z
2018-04-02T18:32:01.978Z,::1,put weights,2018-04-02T18:31:51.000Z
2018-04-02T18:32:02.000Z,::1,get data,2018-04-02T18:32:01.000Z
2018-04-02T18:32:02.180Z,::1,put weights,2018-04-02T18:32:02.000Z
2018-04-02T18:32:02.193Z,::1,get data,2018-04-02T18:32:02.000Z
2018-04-02T18:32:02.361Z,::1,put weights,2018-04-02T18:32:02.000Z
2018-04-02T18:32:02.384Z,::1,get data,2018-04-02T18:32:02.000Z
2018-04-02T18:32:02.533Z,::1,put weights,2018-04-02T18:32:02.000Z
2018-04-02T18:32:02.547Z,::1,get data,2018-04-02T18:32:02.000Z
2018-04-02T18:32:02.702Z,::1,put weights,2018-04-02T18:32:02.000Z
2018-04-02T18:32:02.728Z,::1,get data,2018-04-02T18:32:02.000Z
2018-04-02T18:32:02.897Z,::1,put weights,2018-04-02T18:32:02.000Z
2018-04-02T18:32:02.908Z,::1,get data,2018-04-02T18:32:02.000Z
2018-04-02T18:32:11.739Z,::1,put weights,2018-04-02T18:32:03.000Z
2018-04-02T18:32:11.754Z,::1,get data,2018-04-02T18:32:11.000Z
2018-04-02T18:32:11.889Z,::1,put weights,2018-04-02T18:32:11.000Z
2018-04-02T18:32:11.901Z,::1,get data,2018-04-02T18:32:11.000Z
2018-04-02T18:32:12.079Z,::1,put weights,2018-04-02T18:32:12.000Z
2018-04-02T18:32:12.095Z,::1,get data,2018-04-02T18:32:12.000Z
2018-04-02T18:32:12.249Z,::1,put weights,2018-04-02T18:32:12.000Z
2018-04-02T18:32:12.262Z,::1,get data,2018-04-02T18:32:12.000Z
2018-04-02T18:32:12.407Z,::1,put weights,2018-04-02T18:32:12.000Z
2018-04-02T18:32:12.435Z,::1,get data,2018-04-02T18:32:12.000Z
2018-04-02T18:32:12.581Z,::1,put weights,2018-04-02T18:32:12.000Z
2018-04-02T18:32:12.592Z,::1,get data,2018-04-02T18:32:12.000Z
2018-04-02T18:32:12.731Z,::1,put weights,2018-04-02T18:32:12.000Z
2018-04-02T18:32:21.958Z,::1,get data,2018-04-02T18:32:12.000Z
2018-04-02T18:32:22.134Z,::1,put weights,2018-04-02T18:32:22.000Z
2018-04-02T18:32:22.145Z,::1,get data,2018-04-02T18:32:22.000Z
2018-04-02T18:32:22.306Z,::1,put weights,2018-04-02T18:32:22.000Z
2018-04-02T18:32:22.327Z,::1,get data,2018-04-02T18:32:22.000Z
2018-04-02T18:32:22.484Z,::1,put weights,2018-04-02T18:32:22.000Z
2018-04-02T18:32:22.495Z,::1,get data,2018-04-02T18:32:22.000Z
2018-04-02T18:32:22.661Z,::1,put weights,2018-04-02T18:32:22.000Z
2018-04-02T18:32:22.685Z,::1,get data,2018-04-02T18:32:22.000Z
2018-04-02T18:32:22.860Z,::1,put weights,2018-04-02T18:32:22.000Z
2018-04-02T18:32:22.884Z,::1,get data,2018-04-02T18:32:22.000Z
2018-04-02T18:32:31.959Z,::1,put weights,2018-04-02T18:32:23.000Z
2018-04-02T18:32:31.989Z,::1,get data,2018-04-02T18:32:31.000Z
2018-04-02T18:32:32.139Z,::1,put weights,2018-04-02T18:32:32.000Z
2018-04-02T18:32:32.150Z,::1,get data,2018-04-02T18:32:32.000Z
2018-04-02T18:32:32.306Z,::1,put weights,2018-04-02T18:32:32.000Z
2018-04-02T18:32:32.329Z,::1,get data,2018-04-02T18:32:32.000Z
2018-04-02T18:32:32.482Z,::1,put weights,2018-04-02T18:32:32.000Z
2018-04-02T18:32:32.492Z,::1,get data,2018-04-02T18:32:32.000Z
2018-04-02T18:32:32.637Z,::1,put weights,2018-04-02T18:32:32.000Z
2018-04-02T18:32:32.652Z,::1,get data,2018-04-02T18:32:32.000Z
2018-04-02T18:32:32.799Z,::1,put weights,2018-04-02T18:32:32.000Z
2018-04-02T18:32:32.811Z,::1,get data,2018-04-02T18:32:32.000Z
2018-04-02T18:32:32.940Z,::1,put weights,2018-04-02T18:32:32.000Z
2018-04-02T18:32:32.956Z,::1,get data,2018-04-02T18:32:32.000Z
2018-04-02T18:32:42.280Z,::1,put weights,2018-04-02T18:32:33.000Z
2018-04-02T18:32:42.296Z,::1,get data,2018-04-02T18:32:42.000Z
2018-04-02T18:32:42.454Z,::1,put weights,2018-04-02T18:32:42.000Z
2018-04-02T18:32:42.478Z,::1,get data,2018-04-02T18:32:42.000Z
2018-04-02T18:32:42.646Z,::1,put weights,2018-04-02T18:32:42.000Z
2018-04-02T18:32:42.659Z,::1,get data,2018-04-02T18:32:42.000Z
2018-04-02T18:32:42.828Z,::1,put weights,2018-04-02T18:32:42.000Z
2018-04-02T18:32:42.845Z,::1,get data,2018-04-02T18:32:42.000Z
2018-04-02T18:32:42.986Z,::1,put weights,2018-04-02T18:32:42.000Z
2018-04-02T18:32:42.999Z,::1,get data,2018-04-02T18:32:42.000Z
2018-04-02T18:32:43.161Z,::1,put weights,2018-04-02T18:32:43.000Z
2018-04-02T18:32:43.186Z,::1,get data,2018-04-02T18:32:43.000Z
2018-04-02T18:32:52.392Z,::1,put weights,2018-04-02T18:32:43.000Z
2018-04-02T18:32:52.409Z,::1,get data,2018-04-02T18:32:52.000Z
2018-04-02T18:32:52.606Z,::1,put weights,2018-04-02T18:32:52.000Z
2018-04-02T18:32:52.630Z,::1,get data,2018-04-02T18:32:52.000Z
2018-04-02T18:32:52.816Z,::1,put weights,2018-04-02T18:32:52.000Z
2018-04-02T18:32:52.837Z,::1,get data,2018-04-02T18:32:52.000Z
2018-04-02T18:32:53.036Z,::1,put weights,2018-04-02T18:32:53.000Z
2018-04-02T18:32:53.046Z,::1,get data,2018-04-02T18:32:53.000Z
2018-04-02T18:32:53.248Z,::1,put weights,2018-04-02T18:32:53.000Z
2018-04-02T18:32:53.264Z,::1,get data,2018-04-02T18:32:53.000Z
2018-04-02T18:33:03.081Z,::1,put weights,2018-04-02T18:32:53.000Z
2018-04-02T18:33:03.099Z,::1,get data,2018-04-02T18:33:03.000Z
2018-04-02T18:33:03.293Z,::1,put weights,2018-04-02T18:33:03.000Z
2018-04-02T18:33:03.307Z,::1,get data,2018-04-02T18:33:03.000Z
2018-04-02T18:33:03.484Z,::1,put weights,2018-04-02T18:33:03.000Z
2018-04-02T18:33:03.494Z,::1,get data,2018-04-02T18:33:03.000Z
2018-04-02T18:33:03.648Z,::1,put weights,2018-04-02T18:33:03.000Z
2018-04-02T18:33:03.661Z,::1,get data,2018-04-02T18:33:03.000Z
2018-04-02T18:33:03.817Z,::1,put weights,2018-04-02T18:33:03.000Z
2018-04-02T18:33:03.837Z,::1,get data,2018-04-02T18:33:03.000Z
2018-04-02T18:33:03.983Z,::1,put weights,2018-04-02T18:33:03.000Z
2018-04-02T18:33:03.997Z,::1,get data,2018-04-02T18:33:03.000Z
2018-04-02T18:33:13.507Z,::1,put weights,2018-04-02T18:33:04.000Z
2018-04-02T18:33:13.531Z,::1,get data,2018-04-02T18:33:13.000Z
2018-04-02T18:33:13.811Z,::1,put weights,2018-04-02T18:33:13.000Z
2018-04-02T18:33:13.826Z,::1,get data,2018-04-02T18:33:13.000Z
2018-04-02T18:33:14.054Z,::1,put weights,2018-04-02T18:33:14.000Z
2018-04-02T18:33:14.068Z,::1,get data,2018-04-02T18:33:14.000Z
2018-04-02T18:33:14.279Z,::1,put weights,2018-04-02T18:33:14.000Z
2018-04-02T18:33:14.295Z,::1,get data,2018-04-02T18:33:14.000Z
2018-04-02T18:33:14.485Z,::1,put weights,2018-04-02T18:33:14.000Z
2018-04-02T18:33:14.500Z,::1,get data,2018-04-02T18:33:14.000Z
2018-04-02T18:33:23.709Z,::1,put weights,2018-04-02T18:33:14.000Z
2018-04-02T18:33:23.726Z,::1,get data,2018-04-02T18:33:23.000Z
2018-04-02T18:33:23.945Z,::1,put weights,2018-04-02T18:33:23.000Z
2018-04-02T18:33:23.960Z,::1,get data,2018-04-02T18:33:23.000Z
2018-04-02T18:33:24.167Z,::1,put weights,2018-04-02T18:33:24.000Z
2018-04-02T18:33:24.180Z,::1,get data,2018-04-02T18:33:24.000Z
2018-04-02T18:33:24.372Z,::1,put weights,2018-04-02T18:33:24.000Z
2018-04-02T18:33:24.385Z,::1,get data,2018-04-02T18:33:24.000Z
2018-04-02T18:33:24.557Z,::1,put weights,2018-04-02T18:33:24.000Z
2018-04-02T18:33:24.575Z,::1,get data,2018-04-02T18:33:24.000Z
2018-04-02T18:33:33.930Z,::1,put weights,2018-04-02T18:33:24.000Z
2018-04-02T18:33:33.958Z,::1,get data,2018-04-02T18:33:33.000Z
2018-04-02T18:33:34.180Z,::1,put weights,2018-04-02T18:33:34.000Z
2018-04-02T18:33:34.194Z,::1,get data,2018-04-02T18:33:34.000Z
2018-04-02T18:33:34.394Z,::1,put weights,2018-04-02T18:33:34.000Z
2018-04-02T18:33:34.408Z,::1,get data,2018-04-02T18:33:34.000Z
2018-04-02T18:33:34.597Z,::1,put weights,2018-04-02T18:33:34.000Z
2018-04-02T18:33:34.609Z,::1,get data,2018-04-02T18:33:34.000Z
2018-04-02T18:33:34.795Z,::1,put weights,2018-04-02T18:33:34.000Z
2018-04-02T18:33:34.809Z,::1,get data,2018-04-02T18:33:34.000Z
2018-04-02T18:33:43.658Z,::1,put weights,2018-04-02T18:33:34.000Z
2018-04-02T18:33:43.675Z,::1,get data,2018-04-02T18:33:43.000Z
2018-04-02T18:33:43.891Z,::1,put weights,2018-04-02T18:33:43.000Z
2018-04-02T18:33:43.906Z,::1,get data,2018-04-02T18:33:43.000Z
2018-04-02T18:33:44.094Z,::1,put weights,2018-04-02T18:33:44.000Z
2018-04-02T18:33:44.108Z,::1,get data,2018-04-02T18:33:44.000Z
2018-04-02T18:33:44.289Z,::1,put weights,2018-04-02T18:33:44.000Z
2018-04-02T18:33:44.304Z,::1,get data,2018-04-02T18:33:44.000Z
2018-04-02T18:33:44.501Z,::1,put weights,2018-04-02T18:33:44.000Z
2018-04-02T18:33:44.517Z,::1,get data,2018-04-02T18:33:44.000Z
2018-04-02T18:33:53.552Z,::1,put weights,2018-04-02T18:33:44.000Z
2018-04-02T18:33:53.568Z,::1,get data,2018-04-02T18:33:53.000Z
2018-04-02T18:33:53.773Z,::1,put weights,2018-04-02T18:33:53.000Z
2018-04-02T18:33:53.788Z,::1,get data,2018-04-02T18:33:53.000Z
2018-04-02T18:33:53.965Z,::1,put weights,2018-04-02T18:33:53.000Z
2018-04-02T18:33:53.979Z,::1,get data,2018-04-02T18:33:53.000Z
2018-04-02T18:33:54.160Z,::1,put weights,2018-04-02T18:33:54.000Z
2018-04-02T18:33:54.174Z,::1,get data,2018-04-02T18:33:54.000Z
2018-04-02T18:33:54.366Z,::1,put weights,2018-04-02T18:33:54.000Z
2018-04-02T18:33:54.381Z,::1,get data,2018-04-02T18:33:54.000Z
2018-04-02T18:34:03.877Z,::1,put weights,2018-04-02T18:33:54.000Z
2018-04-02T18:34:03.894Z,::1,get data,2018-04-02T18:34:03.000Z
2018-04-02T18:34:04.125Z,::1,put weights,2018-04-02T18:34:04.000Z
2018-04-02T18:34:04.138Z,::1,get data,2018-04-02T18:34:04.000Z
2018-04-02T18:34:04.326Z,::1,put weights,2018-04-02T18:34:04.000Z
2018-04-02T18:34:04.340Z,::1,get data,2018-04-02T18:34:04.000Z
2018-04-02T18:34:04.519Z,::1,put weights,2018-04-02T18:34:04.000Z
2018-04-02T18:34:04.535Z,::1,get data,2018-04-02T18:34:04.000Z
2018-04-02T18:34:04.712Z,::1,put weights,2018-04-02T18:34:04.000Z
2018-04-02T18:34:04.724Z,::1,get data,2018-04-02T18:34:04.000Z
2018-04-02T18:34:13.601Z,::1,put weights,2018-04-02T18:34:04.000Z
2018-04-02T18:34:13.619Z,::1,get data,2018-04-02T18:34:13.000Z
2018-04-02T18:34:13.861Z,::1,put weights,2018-04-02T18:34:13.000Z
2018-04-02T18:34:13.879Z,::1,get data,2018-04-02T18:34:13.000Z
2018-04-02T18:34:14.108Z,::1,put weights,2018-04-02T18:34:14.000Z
2018-04-02T18:34:14.126Z,::1,get data,2018-04-02T18:34:14.000Z
2018-04-02T18:34:14.355Z,::1,put weights,2018-04-02T18:34:14.000Z
2018-04-02T18:34:14.374Z,::1,get data,2018-04-02T18:34:14.000Z
2018-04-02T18:34:14.566Z,::1,put weights,2018-04-02T18:34:14.000Z
2018-04-02T18:34:14.582Z,::1,get data,2018-04-02T18:34:14.000Z
2018-04-02T18:34:23.831Z,::1,put weights,2018-04-02T18:34:14.000Z
2018-04-02T18:34:23.849Z,::1,get data,2018-04-02T18:34:23.000Z
2018-04-02T18:34:24.047Z,::1,put weights,2018-04-02T18:34:24.000Z
2018-04-02T18:34:24.059Z,::1,get data,2018-04-02T18:34:24.000Z
2018-04-02T18:34:24.252Z,::1,put weights,2018-04-02T18:34:24.000Z
2018-04-02T18:34:24.270Z,::1,get data,2018-04-02T18:34:24.000Z
2018-04-02T18:34:24.455Z,::1,put weights,2018-04-02T18:34:24.000Z
2018-04-02T18:34:24.471Z,::1,get data,2018-04-02T18:34:24.000Z
2018-04-02T18:34:24.676Z,::1,put weights,2018-04-02T18:34:24.000Z
2018-04-02T18:34:24.688Z,::1,get data,2018-04-02T18:34:24.000Z
2018-04-02T18:34:33.545Z,::1,put weights,2018-04-02T18:34:24.000Z
2018-04-02T18:34:33.560Z,::1,get data,2018-04-02T18:34:33.000Z
2018-04-02T18:34:33.770Z,::1,put weights,2018-04-02T18:34:33.000Z
2018-04-02T18:34:33.785Z,::1,get data,2018-04-02T18:34:33.000Z
2018-04-02T18:34:33.974Z,::1,put weights,2018-04-02T18:34:33.000Z
2018-04-02T18:34:33.989Z,::1,get data,2018-04-02T18:34:33.000Z
2018-04-02T18:34:34.161Z,::1,put weights,2018-04-02T18:34:34.000Z
2018-04-02T18:34:34.175Z,::1,get data,2018-04-02T18:34:34.000Z
2018-04-02T18:34:34.351Z,::1,put weights,2018-04-02T18:34:34.000Z
2018-04-02T18:34:34.370Z,::1,get data,2018-04-02T18:34:34.000Z
2018-04-02T18:34:43.507Z,::1,put weights,2018-04-02T18:34:34.000Z
2018-04-02T18:34:43.523Z,::1,get data,2018-04-02T18:34:43.000Z
2018-04-02T18:34:43.710Z,::1,put weights,2018-04-02T18:34:43.000Z
2018-04-02T18:34:43.726Z,::1,get data,2018-04-02T18:34:43.000Z
2018-04-02T18:34:43.922Z,::1,put weights,2018-04-02T18:34:43.000Z
2018-04-02T18:34:43.936Z,::1,get data,2018-04-02T18:34:43.000Z
2018-04-02T18:34:44.133Z,::1,put weights,2018-04-02T18:34:44.000Z
2018-04-02T18:34:44.152Z,::1,get data,2018-04-02T18:34:44.000Z
2018-04-02T18:34:44.334Z,::1,put weights,2018-04-02T18:34:44.000Z
2018-04-02T18:34:44.350Z,::1,get data,2018-04-02T18:34:44.000Z
2018-04-02T18:34:53.723Z,::1,put weights,2018-04-02T18:34:44.000Z
2018-04-02T18:34:53.738Z,::1,get data,2018-04-02T18:34:53.000Z
2018-04-02T18:34:53.952Z,::1,put weights,2018-04-02T18:34:53.000Z
2018-04-02T18:34:53.965Z,::1,get data,2018-04-02T18:34:53.000Z
2018-04-02T18:34:54.152Z,::1,put weights,2018-04-02T18:34:54.000Z
2018-04-02T18:34:54.167Z,::1,get data,2018-04-02T18:34:54.000Z
2018-04-02T18:34:54.346Z,::1,put weights,2018-04-02T18:34:54.000Z
2018-04-02T18:34:54.360Z,::1,get data,2018-04-02T18:34:54.000Z
2018-04-02T18:34:54.535Z,::1,put weights,2018-04-02T18:34:54.000Z
2018-04-02T18:34:54.550Z,::1,get data,2018-04-02T18:34:54.000Z
2018-04-02T18:35:03.587Z,::1,put weights,2018-04-02T18:34:54.000Z
2018-04-02T18:35:03.603Z,::1,get data,2018-04-02T18:35:03.000Z
2018-04-02T18:35:03.822Z,::1,put weights,2018-04-02T18:35:03.000Z
2018-04-02T18:35:03.836Z,::1,get data,2018-04-02T18:35:03.000Z
2018-04-02T18:35:04.024Z,::1,put weights,2018-04-02T18:35:04.000Z
2018-04-02T18:35:04.039Z,::1,get data,2018-04-02T18:35:04.000Z
2018-04-02T18:35:04.237Z,::1,put weights,2018-04-02T18:35:04.000Z
2018-04-02T18:35:04.252Z,::1,get data,2018-04-02T18:35:04.000Z
2018-04-02T18:35:04.462Z,::1,put weights,2018-04-02T18:35:04.000Z
2018-04-02T18:35:04.477Z,::1,get data,2018-04-02T18:35:04.000Z
2018-04-02T18:35:13.875Z,::1,put weights,2018-04-02T18:35:04.000Z
2018-04-02T18:35:13.891Z,::1,get data,2018-04-02T18:35:13.000Z
2018-04-02T18:35:14.105Z,::1,put weights,2018-04-02T18:35:14.000Z
2018-04-02T18:35:14.120Z,::1,get data,2018-04-02T18:35:14.000Z
2018-04-02T18:35:14.302Z,::1,put weights,2018-04-02T18:35:14.000Z
2018-04-02T18:35:14.317Z,::1,get data,2018-04-02T18:35:14.000Z
2018-04-02T18:35:14.493Z,::1,put weights,2018-04-02T18:35:14.000Z
2018-04-02T18:35:14.510Z,::1,get data,2018-04-02T18:35:14.000Z
2018-04-02T18:35:14.688Z,::1,put weights,2018-04-02T18:35:14.000Z
2018-04-02T18:35:14.704Z,::1,get data,2018-04-02T18:35:14.000Z
2018-04-02T18:35:23.835Z,::1,put weights,2018-04-02T18:35:14.000Z
2018-04-02T18:35:23.851Z,::1,get data,2018-04-02T18:35:23.000Z
2018-04-02T18:35:24.060Z,::1,put weights,2018-04-02T18:35:24.000Z
2018-04-02T18:35:24.076Z,::1,get data,2018-04-02T18:35:24.000Z
2018-04-02T18:35:24.265Z,::1,put weights,2018-04-02T18:35:24.000Z
2018-04-02T18:35:24.281Z,::1,get data,2018-04-02T18:35:24.000Z
2018-04-02T18:35:24.457Z,::1,put weights,2018-04-02T18:35:24.000Z
2018-04-02T18:35:24.476Z,::1,get data,2018-04-02T18:35:24.000Z
2018-04-02T18:35:24.663Z,::1,put weights,2018-04-02T18:35:24.000Z
2018-04-02T18:35:24.683Z,::1,get data,2018-04-02T18:35:24.000Z
2018-04-02T18:35:33.538Z,::1,put weights,2018-04-02T18:35:24.000Z
2018-04-02T18:35:33.555Z,::1,get data,2018-04-02T18:35:33.000Z
2018-04-02T18:35:33.747Z,::1,put weights,2018-04-02T18:35:33.000Z
2018-04-02T18:35:33.761Z,::1,get data,2018-04-02T18:35:33.000Z
2018-04-02T18:35:33.944Z,::1,put weights,2018-04-02T18:35:33.000Z
2018-04-02T18:35:33.959Z,::1,get data,2018-04-02T18:35:33.000Z
2018-04-02T18:35:34.141Z,::1,put weights,2018-04-02T18:35:34.000Z
2018-04-02T18:35:34.157Z,::1,get data,2018-04-02T18:35:34.000Z
2018-04-02T18:35:34.324Z,::1,put weights,2018-04-02T18:35:34.000Z
2018-04-02T18:35:34.339Z,::1,get data,2018-04-02T18:35:34.000Z
2018-04-02T18:35:34.496Z,::1,put weights,2018-04-02T18:35:34.000Z
2018-04-02T18:35:34.511Z,::1,get data,2018-04-02T18:35:34.000Z
2018-04-02T18:35:43.803Z,::1,put weights,2018-04-02T18:35:34.000Z
2018-04-02T18:35:43.834Z,::1,get data,2018-04-02T18:35:43.000Z
2018-04-02T18:35:44.063Z,::1,put weights,2018-04-02T18:35:44.000Z
2018-04-02T18:35:44.078Z,::1,get data,2018-04-02T18:35:44.000Z
2018-04-02T18:35:44.272Z,::1,put weights,2018-04-02T18:35:44.000Z
2018-04-02T18:35:44.285Z,::1,get data,2018-04-02T18:35:44.000Z
2018-04-02T18:35:44.464Z,::1,put weights,2018-04-02T18:35:44.000Z
2018-04-02T18:35:44.479Z,::1,get data,2018-04-02T18:35:44.000Z
2018-04-02T18:35:44.646Z,::1,put weights,2018-04-02T18:35:44.000Z
2018-04-02T18:35:44.663Z,::1,get data,2018-04-02T18:35:44.000Z
2018-04-02T18:35:53.680Z,::1,put weights,2018-04-02T18:35:44.000Z
2018-04-02T18:35:53.696Z,::1,get data,2018-04-02T18:35:53.000Z
2018-04-02T18:35:53.914Z,::1,put weights,2018-04-02T18:35:53.000Z
2018-04-02T18:35:53.928Z,::1,get data,2018-04-02T18:35:53.000Z
2018-04-02T18:35:54.114Z,::1,put weights,2018-04-02T18:35:54.000Z
2018-04-02T18:35:54.128Z,::1,get data,2018-04-02T18:35:54.000Z
2018-04-02T18:35:54.305Z,::1,put weights,2018-04-02T18:35:54.000Z
2018-04-02T18:35:54.319Z,::1,get data,2018-04-02T18:35:54.000Z
2018-04-02T18:35:54.498Z,::1,put weights,2018-04-02T18:35:54.000Z
2018-04-02T18:35:54.512Z,::1,get data,2018-04-02T18:35:54.000Z
2018-04-02T18:36:03.564Z,::1,put weights,2018-04-02T18:35:54.000Z
2018-04-02T18:36:03.578Z,::1,get data,2018-04-02T18:36:03.000Z
2018-04-02T18:36:03.777Z,::1,put weights,2018-04-02T18:36:03.000Z
2018-04-02T18:36:03.791Z,::1,get data,2018-04-02T18:36:03.000Z
2018-04-02T18:36:03.979Z,::1,put weights,2018-04-02T18:36:03.000Z
2018-04-02T18:36:03.995Z,::1,get data,2018-04-02T18:36:03.000Z
2018-04-02T18:36:04.181Z,::1,put weights,2018-04-02T18:36:04.000Z
2018-04-02T18:36:04.196Z,::1,get data,2018-04-02T18:36:04.000Z
2018-04-02T18:36:04.402Z,::1,put weights,2018-04-02T18:36:04.000Z
2018-04-02T18:36:04.416Z,::1,get data,2018-04-02T18:36:04.000Z
2018-04-02T18:36:13.724Z,::1,put weights,2018-04-02T18:36:04.000Z
2018-04-02T18:36:13.739Z,::1,get data,2018-04-02T18:36:13.000Z
2018-04-02T18:36:13.948Z,::1,put weights,2018-04-02T18:36:13.000Z
2018-04-02T18:36:13.961Z,::1,get data,2018-04-02T18:36:13.000Z
2018-04-02T18:36:14.141Z,::1,put weights,2018-04-02T18:36:14.000Z
2018-04-02T18:36:14.157Z,::1,get data,2018-04-02T18:36:14.000Z
2018-04-02T18:36:14.342Z,::1,put weights,2018-04-02T18:36:14.000Z
2018-04-02T18:36:14.357Z,::1,get data,2018-04-02T18:36:14.000Z
2018-04-02T18:36:14.528Z,::1,put weights,2018-04-02T18:36:14.000Z
2018-04-02T18:36:14.543Z,::1,get data,2018-04-02T18:36:14.000Z
2018-04-02T18:36:14.709Z,::1,put weights,2018-04-02T18:36:14.000Z
2018-04-02T18:36:23.945Z,::1,get data,2018-04-02T18:36:14.000Z
2018-04-02T18:36:24.147Z,::1,put weights,2018-04-02T18:36:24.000Z
2018-04-02T18:36:24.162Z,::1,get data,2018-04-02T18:36:24.000Z
2018-04-02T18:36:24.343Z,::1,put weights,2018-04-02T18:36:24.000Z
2018-04-02T18:36:24.357Z,::1,get data,2018-04-02T18:36:24.000Z
2018-04-02T18:36:24.533Z,::1,put weights,2018-04-02T18:36:24.000Z
2018-04-02T18:36:24.548Z,::1,get data,2018-04-02T18:36:24.000Z
2018-04-02T18:36:24.718Z,::1,put weights,2018-04-02T18:36:24.000Z
2018-04-02T18:36:24.735Z,::1,get data,2018-04-02T18:36:24.000Z
2018-04-02T18:36:24.918Z,::1,put weights,2018-04-02T18:36:24.000Z
2018-04-02T18:36:24.934Z,::1,get data,2018-04-02T18:36:24.000Z
2018-04-02T18:36:34.227Z,::1,put weights,2018-04-02T18:36:25.000Z
2018-04-02T18:36:34.258Z,::1,get data,2018-04-02T18:36:34.000Z
2018-04-02T18:36:34.490Z,::1,put weights,2018-04-02T18:36:34.000Z
2018-04-02T18:36:34.505Z,::1,get data,2018-04-02T18:36:34.000Z
2018-04-02T18:36:34.698Z,::1,put weights,2018-04-02T18:36:34.000Z
2018-04-02T18:36:34.713Z,::1,get data,2018-04-02T18:36:34.000Z
2018-04-02T18:36:34.890Z,::1,put weights,2018-04-02T18:36:34.000Z
2018-04-02T18:36:34.904Z,::1,get data,2018-04-02T18:36:34.000Z
2018-04-02T18:36:35.072Z,::1,put weights,2018-04-02T18:36:35.000Z
2018-04-02T18:36:35.088Z,::1,get data,2018-04-02T18:36:35.000Z
2018-04-02T18:36:43.943Z,::1,put weights,2018-04-02T18:36:35.000Z
2018-04-02T18:36:43.959Z,::1,get data,2018-04-02T18:36:43.000Z
2018-04-02T18:36:44.184Z,::1,put weights,2018-04-02T18:36:44.000Z
2018-04-02T18:36:44.198Z,::1,get data,2018-04-02T18:36:44.000Z
2018-04-02T18:36:44.389Z,::1,put weights,2018-04-02T18:36:44.000Z
2018-04-02T18:36:44.402Z,::1,get data,2018-04-02T18:36:44.000Z
2018-04-02T18:36:44.570Z,::1,put weights,2018-04-02T18:36:44.000Z
2018-04-02T18:36:44.585Z,::1,get data,2018-04-02T18:36:44.000Z
2018-04-02T18:36:44.769Z,::1,put weights,2018-04-02T18:36:44.000Z
2018-04-02T18:36:44.785Z,::1,get data,2018-04-02T18:36:44.000Z
2018-04-02T18:36:53.806Z,::1,put weights,2018-04-02T18:36:44.000Z
2018-04-02T18:36:53.824Z,::1,get data,2018-04-02T18:36:53.000Z
2018-04-02T18:36:54.029Z,::1,put weights,2018-04-02T18:36:54.000Z
2018-04-02T18:36:54.041Z,::1,get data,2018-04-02T18:36:54.000Z
2018-04-02T18:36:54.248Z,::1,put weights,2018-04-02T18:36:54.000Z
2018-04-02T18:36:54.264Z,::1,get data,2018-04-02T18:36:54.000Z
2018-04-02T18:36:54.459Z,::1,put weights,2018-04-02T18:36:54.000Z
2018-04-02T18:36:54.475Z,::1,get data,2018-04-02T18:36:54.000Z
2018-04-02T18:36:54.647Z,::1,put weights,2018-04-02T18:36:54.000Z
2018-04-02T18:36:54.663Z,::1,get data,2018-04-02T18:36:54.000Z
2018-04-02T18:37:03.678Z,::1,put weights,2018-04-02T18:36:54.000Z
2018-04-02T18:37:03.697Z,::1,get data,2018-04-02T18:37:03.000Z
2018-04-02T18:37:03.893Z,::1,put weights,2018-04-02T18:37:03.000Z
2018-04-02T18:37:03.908Z,::1,get data,2018-04-02T18:37:03.000Z
2018-04-02T18:37:04.096Z,::1,put weights,2018-04-02T18:37:04.000Z
2018-04-02T18:37:04.110Z,::1,get data,2018-04-02T18:37:04.000Z
2018-04-02T18:37:04.306Z,::1,put weights,2018-04-02T18:37:04.000Z
2018-04-02T18:37:04.319Z,::1,get data,2018-04-02T18:37:04.000Z
2018-04-02T18:37:04.486Z,::1,put weights,2018-04-02T18:37:04.000Z
2018-04-02T18:37:04.501Z,::1,get data,2018-04-02T18:37:04.000Z
2018-04-02T18:37:04.664Z,::1,put weights,2018-04-02T18:37:04.000Z
2018-04-02T18:37:13.862Z,::1,get data,2018-04-02T18:37:04.000Z
2018-04-02T18:37:14.069Z,::1,put weights,2018-04-02T18:37:14.000Z
2018-04-02T18:37:14.085Z,::1,get data,2018-04-02T18:37:14.000Z
2018-04-02T18:37:14.268Z,::1,put weights,2018-04-02T18:37:14.000Z
2018-04-02T18:37:14.283Z,::1,get data,2018-04-02T18:37:14.000Z
2018-04-02T18:37:14.464Z,::1,put weights,2018-04-02T18:37:14.000Z
2018-04-02T18:37:14.481Z,::1,get data,2018-04-02T18:37:14.000Z
2018-04-02T18:37:14.670Z,::1,put weights,2018-04-02T18:37:14.000Z
2018-04-02T18:37:14.688Z,::1,get data,2018-04-02T18:37:14.000Z
2018-04-02T18:37:23.946Z,::1,put weights,2018-04-02T18:37:14.000Z
2018-04-02T18:37:23.977Z,::1,get data,2018-04-02T18:37:23.000Z
2018-04-02T18:37:24.189Z,::1,put weights,2018-04-02T18:37:24.000Z
2018-04-02T18:37:24.204Z,::1,get data,2018-04-02T18:37:24.000Z
2018-04-02T18:37:24.402Z,::1,put weights,2018-04-02T18:37:24.000Z
2018-04-02T18:37:24.416Z,::1,get data,2018-04-02T18:37:24.000Z
2018-04-02T18:37:24.601Z,::1,put weights,2018-04-02T18:37:24.000Z
2018-04-02T18:37:24.616Z,::1,get data,2018-04-02T18:37:24.000Z
2018-04-02T18:37:24.791Z,::1,put weights,2018-04-02T18:37:24.000Z
2018-04-02T18:37:24.807Z,::1,get data,2018-04-02T18:37:24.000Z
2018-04-02T18:37:34.141Z,::1,put weights,2018-04-02T18:37:24.000Z
2018-04-02T18:37:34.157Z,::1,get data,2018-04-02T18:37:34.000Z
2018-04-02T18:37:34.380Z,::1,put weights,2018-04-02T18:37:34.000Z
2018-04-02T18:37:34.393Z,::1,get data,2018-04-02T18:37:34.000Z
2018-04-02T18:37:34.577Z,::1,put weights,2018-04-02T18:37:34.000Z
2018-04-02T18:37:34.590Z,::1,get data,2018-04-02T18:37:34.000Z
2018-04-02T18:37:34.768Z,::1,put weights,2018-04-02T18:37:34.000Z
2018-04-02T18:37:34.782Z,::1,get data,2018-04-02T18:37:34.000Z
2018-04-02T18:37:34.954Z,::1,put weights,2018-04-02T18:37:34.000Z
2018-04-02T18:37:34.969Z,::1,get data,2018-04-02T18:37:34.000Z
2018-04-02T18:37:44.260Z,::1,put weights,2018-04-02T18:37:35.000Z
2018-04-02T18:37:44.275Z,::1,get data,2018-04-02T18:37:44.000Z
2018-04-02T18:37:44.469Z,::1,put weights,2018-04-02T18:37:44.000Z
2018-04-02T18:37:44.482Z,::1,get data,2018-04-02T18:37:44.000Z
2018-04-02T18:37:44.686Z,::1,put weights,2018-04-02T18:37:44.000Z
2018-04-02T18:37:44.703Z,::1,get data,2018-04-02T18:37:44.000Z
2018-04-02T18:37:44.893Z,::1,put weights,2018-04-02T18:37:44.000Z
2018-04-02T18:37:44.907Z,::1,get data,2018-04-02T18:37:44.000Z
2018-04-02T18:37:45.082Z,::1,put weights,2018-04-02T18:37:45.000Z
2018-04-02T18:37:45.098Z,::1,get data,2018-04-02T18:37:45.000Z
2018-04-02T18:37:54.377Z,::1,put weights,2018-04-02T18:37:45.000Z
2018-04-02T18:37:54.391Z,::1,get data,2018-04-02T18:37:54.000Z
2018-04-02T18:37:54.596Z,::1,put weights,2018-04-02T18:37:54.000Z
2018-04-02T18:37:54.610Z,::1,get data,2018-04-02T18:37:54.000Z
2018-04-02T18:37:54.804Z,::1,put weights,2018-04-02T18:37:54.000Z
2018-04-02T18:37:54.820Z,::1,get data,2018-04-02T18:37:54.000Z
2018-04-02T18:37:55.025Z,::1,put weights,2018-04-02T18:37:55.000Z
2018-04-02T18:37:55.040Z,::1,get data,2018-04-02T18:37:55.000Z
2018-04-02T18:37:55.233Z,::1,put weights,2018-04-02T18:37:55.000Z
2018-04-02T18:37:55.250Z,::1,get data,2018-04-02T18:37:55.000Z
2018-04-02T18:38:04.425Z,::1,put weights,2018-04-02T18:37:55.000Z
2018-04-02T18:38:04.439Z,::1,get data,2018-04-02T18:38:04.000Z
2018-04-02T18:38:04.637Z,::1,put weights,2018-04-02T18:38:04.000Z
2018-04-02T18:38:04.653Z,::1,get data,2018-04-02T18:38:04.000Z
2018-04-02T18:38:04.863Z,::1,put weights,2018-04-02T18:38:04.000Z
2018-04-02T18:38:04.879Z,::1,get data,2018-04-02T18:38:04.000Z
2018-04-02T18:38:05.058Z,::1,put weights,2018-04-02T18:38:05.000Z
2018-04-02T18:38:05.073Z,::1,get data,2018-04-02T18:38:05.000Z
2018-04-02T18:38:05.248Z,::1,put weights,2018-04-02T18:38:05.000Z
2018-04-02T18:38:05.263Z,::1,get data,2018-04-02T18:38:05.000Z
2018-04-02T18:38:14.530Z,::1,put weights,2018-04-02T18:38:05.000Z
2018-04-02T18:38:14.547Z,::1,get data,2018-04-02T18:38:14.000Z
2018-04-02T18:38:14.780Z,::1,put weights,2018-04-02T18:38:14.000Z
2018-04-02T18:38:14.797Z,::1,get data,2018-04-02T18:38:14.000Z
2018-04-02T18:38:15.008Z,::1,put weights,2018-04-02T18:38:14.000Z
2018-04-02T18:38:15.022Z,::1,get data,2018-04-02T18:38:15.000Z
2018-04-02T18:38:15.193Z,::1,put weights,2018-04-02T18:38:15.000Z
2018-04-02T18:38:15.209Z,::1,get data,2018-04-02T18:38:15.000Z
2018-04-02T18:38:15.400Z,::1,put weights,2018-04-02T18:38:15.000Z
2018-04-02T18:38:15.417Z,::1,get data,2018-04-02T18:38:15.000Z
2018-04-02T18:38:25.701Z,::1,put weights,2018-04-02T18:38:15.000Z
2018-04-02T18:38:25.716Z,::1,get data,2018-04-02T18:38:25.000Z
2018-04-02T18:38:25.945Z,::1,put weights,2018-04-02T18:38:25.000Z
2018-04-02T18:38:25.961Z,::1,get data,2018-04-02T18:38:25.000Z
2018-04-02T18:38:26.152Z,::1,put weights,2018-04-02T18:38:26.000Z
2018-04-02T18:38:26.166Z,::1,get data,2018-04-02T18:38:26.000Z
2018-04-02T18:38:26.346Z,::1,put weights,2018-04-02T18:38:26.000Z
2018-04-02T18:38:26.361Z,::1,get data,2018-04-02T18:38:26.000Z
2018-04-02T18:38:26.536Z,::1,put weights,2018-04-02T18:38:26.000Z
2018-04-02T18:38:26.550Z,::1,get data,2018-04-02T18:38:26.000Z
2018-04-02T18:38:36.431Z,::1,put weights,2018-04-02T18:38:26.000Z
2018-04-02T18:38:36.459Z,::1,get data,2018-04-02T18:38:36.000Z
2018-04-02T18:38:36.678Z,::1,put weights,2018-04-02T18:38:36.000Z
2018-04-02T18:38:36.691Z,::1,get data,2018-04-02T18:38:36.000Z
2018-04-02T18:38:36.884Z,::1,put weights,2018-04-02T18:38:36.000Z
2018-04-02T18:38:36.898Z,::1,get data,2018-04-02T18:38:36.000Z
2018-04-02T18:38:37.069Z,::1,put weights,2018-04-02T18:38:37.000Z
2018-04-02T18:38:37.081Z,::1,get data,2018-04-02T18:38:37.000Z
2018-04-02T18:38:37.257Z,::1,put weights,2018-04-02T18:38:37.000Z
2018-04-02T18:38:37.272Z,::1,get data,2018-04-02T18:38:37.000Z
2018-04-02T18:38:46.434Z,::1,put weights,2018-04-02T18:38:37.000Z
2018-04-02T18:38:46.449Z,::1,get data,2018-04-02T18:38:46.000Z
2018-04-02T18:38:46.671Z,::1,put weights,2018-04-02T18:38:46.000Z
2018-04-02T18:38:46.688Z,::1,get data,2018-04-02T18:38:46.000Z
2018-04-02T18:38:46.874Z,::1,put weights,2018-04-02T18:38:46.000Z
2018-04-02T18:38:46.889Z,::1,get data,2018-04-02T18:38:46.000Z
2018-04-02T18:38:47.069Z,::1,put weights,2018-04-02T18:38:47.000Z
2018-04-02T18:38:47.083Z,::1,get data,2018-04-02T18:38:47.000Z
2018-04-02T18:38:47.242Z,::1,put weights,2018-04-02T18:38:47.000Z
2018-04-02T18:38:47.257Z,::1,get data,2018-04-02T18:38:47.000Z
2018-04-02T18:38:56.492Z,::1,put weights,2018-04-02T18:38:47.000Z
2018-04-02T18:38:56.506Z,::1,get data,2018-04-02T18:38:56.000Z
2018-04-02T18:38:56.720Z,::1,put weights,2018-04-02T18:38:56.000Z
2018-04-02T18:38:56.731Z,::1,get data,2018-04-02T18:38:56.000Z
2018-04-02T18:38:56.922Z,::1,put weights,2018-04-02T18:38:56.000Z
2018-04-02T18:38:56.936Z,::1,get data,2018-04-02T18:38:56.000Z
2018-04-02T18:38:57.106Z,::1,put weights,2018-04-02T18:38:57.000Z
2018-04-02T18:38:57.120Z,::1,get data,2018-04-02T18:38:57.000Z
2018-04-02T18:38:57.306Z,::1,put weights,2018-04-02T18:38:57.000Z
2018-04-02T18:38:57.323Z,::1,get data,2018-04-02T18:38:57.000Z
2018-04-02T18:39:07.197Z,::1,put weights,2018-04-02T18:38:57.000Z
2018-04-02T18:39:07.213Z,::1,get data,2018-04-02T18:39:07.000Z
2018-04-02T18:39:07.450Z,::1,put weights,2018-04-02T18:39:07.000Z
2018-04-02T18:39:07.463Z,::1,get data,2018-04-02T18:39:07.000Z
2018-04-02T18:39:07.661Z,::1,put weights,2018-04-02T18:39:07.000Z
2018-04-02T18:39:07.676Z,::1,get data,2018-04-02T18:39:07.000Z
2018-04-02T18:39:07.869Z,::1,put weights,2018-04-02T18:39:07.000Z
2018-04-02T18:39:07.884Z,::1,get data,2018-04-02T18:39:07.000Z
2018-04-02T18:39:08.070Z,::1,put weights,2018-04-02T18:39:08.000Z
2018-04-02T18:39:08.085Z,::1,get data,2018-04-02T18:39:08.000Z
2018-04-02T18:39:17.583Z,::1,put weights,2018-04-02T18:39:08.000Z
2018-04-02T18:39:17.598Z,::1,get data,2018-04-02T18:39:17.000Z
2018-04-02T18:39:17.801Z,::1,put weights,2018-04-02T18:39:17.000Z
2018-04-02T18:39:17.813Z,::1,get data,2018-04-02T18:39:17.000Z
2018-04-02T18:39:18.005Z,::1,put weights,2018-04-02T18:39:17.000Z
2018-04-02T18:39:18.022Z,::1,get data,2018-04-02T18:39:18.000Z
2018-04-02T18:39:18.226Z,::1,put weights,2018-04-02T18:39:18.000Z
2018-04-02T18:39:18.242Z,::1,get data,2018-04-02T18:39:18.000Z
2018-04-02T18:39:18.444Z,::1,put weights,2018-04-02T18:39:18.000Z
2018-04-02T18:39:18.460Z,::1,get data,2018-04-02T18:39:18.000Z
2018-04-02T18:39:27.915Z,::1,put weights,2018-04-02T18:39:18.000Z
2018-04-02T18:39:27.931Z,::1,get data,2018-04-02T18:39:27.000Z
2018-04-02T18:39:28.130Z,::1,put weights,2018-04-02T18:39:28.000Z
2018-04-02T18:39:28.144Z,::1,get data,2018-04-02T18:39:28.000Z
2018-04-02T18:39:28.325Z,::1,put weights,2018-04-02T18:39:28.000Z
2018-04-02T18:39:28.339Z,::1,get data,2018-04-02T18:39:28.000Z
2018-04-02T18:39:28.519Z,::1,put weights,2018-04-02T18:39:28.000Z
2018-04-02T18:39:28.533Z,::1,get data,2018-04-02T18:39:28.000Z
2018-04-02T18:39:28.705Z,::1,put weights,2018-04-02T18:39:28.000Z
2018-04-02T18:39:28.719Z,::1,get data,2018-04-02T18:39:28.000Z
2018-04-02T18:39:28.908Z,::1,put weights,2018-04-02T18:39:28.000Z
2018-04-02T18:39:37.892Z,::1,get data,2018-04-02T18:39:28.000Z
2018-04-02T18:39:38.098Z,::1,put weights,2018-04-02T18:39:38.000Z
2018-04-02T18:39:38.113Z,::1,get data,2018-04-02T18:39:38.000Z
2018-04-02T18:39:38.297Z,::1,put weights,2018-04-02T18:39:38.000Z
2018-04-02T18:39:38.313Z,::1,get data,2018-04-02T18:39:38.000Z
2018-04-02T18:39:38.507Z,::1,put weights,2018-04-02T18:39:38.000Z
2018-04-02T18:39:38.523Z,::1,get data,2018-04-02T18:39:38.000Z
2018-04-02T18:39:38.725Z,::1,put weights,2018-04-02T18:39:38.000Z
2018-04-02T18:39:38.741Z,::1,get data,2018-04-02T18:39:38.000Z
2018-04-02T18:39:48.244Z,::1,put weights,2018-04-02T18:39:38.000Z
2018-04-02T18:39:48.262Z,::1,get data,2018-04-02T18:39:48.000Z
2018-04-02T18:39:48.494Z,::1,put weights,2018-04-02T18:39:48.000Z
2018-04-02T18:39:48.510Z,::1,get data,2018-04-02T18:39:48.000Z
2018-04-02T18:39:48.720Z,::1,put weights,2018-04-02T18:39:48.000Z
2018-04-02T18:39:48.735Z,::1,get data,2018-04-02T18:39:48.000Z
2018-04-02T18:39:48.929Z,::1,put weights,2018-04-02T18:39:48.000Z
2018-04-02T18:39:48.945Z,::1,get data,2018-04-02T18:39:48.000Z
2018-04-02T18:39:49.156Z,::1,put weights,2018-04-02T18:39:49.000Z
2018-04-02T18:39:49.169Z,::1,get data,2018-04-02T18:39:49.000Z
2018-04-02T18:39:58.682Z,::1,put weights,2018-04-02T18:39:49.000Z
2018-04-02T18:39:58.696Z,::1,get data,2018-04-02T18:39:58.000Z
2018-04-02T18:39:58.926Z,::1,put weights,2018-04-02T18:39:58.000Z
2018-04-02T18:39:58.939Z,::1,get data,2018-04-02T18:39:58.000Z
2018-04-02T18:39:59.132Z,::1,put weights,2018-04-02T18:39:59.000Z
2018-04-02T18:39:59.147Z,::1,get data,2018-04-02T18:39:59.000Z
2018-04-02T18:39:59.341Z,::1,put weights,2018-04-02T18:39:59.000Z
2018-04-02T18:39:59.355Z,::1,get data,2018-04-02T18:39:59.000Z
2018-04-02T18:39:59.543Z,::1,put weights,2018-04-02T18:39:59.000Z
2018-04-02T18:39:59.562Z,::1,get data,2018-04-02T18:39:59.000Z
2018-04-02T18:40:08.736Z,::1,put weights,2018-04-02T18:39:59.000Z
2018-04-02T18:40:08.752Z,::1,get data,2018-04-02T18:40:08.000Z
2018-04-02T18:40:08.966Z,::1,put weights,2018-04-02T18:40:08.000Z
2018-04-02T18:40:08.982Z,::1,get data,2018-04-02T18:40:08.000Z
2018-04-02T18:40:09.165Z,::1,put weights,2018-04-02T18:40:09.000Z
2018-04-02T18:40:09.180Z,::1,get data,2018-04-02T18:40:09.000Z
2018-04-02T18:40:09.356Z,::1,put weights,2018-04-02T18:40:09.000Z
2018-04-02T18:40:09.371Z,::1,get data,2018-04-02T18:40:09.000Z
2018-04-02T18:40:09.536Z,::1,put weights,2018-04-02T18:40:09.000Z
2018-04-02T18:40:09.552Z,::1,get data,2018-04-02T18:40:09.000Z
2018-04-02T18:40:19.667Z,::1,put weights,2018-04-02T18:40:09.000Z
2018-04-02T18:40:19.684Z,::1,get data,2018-04-02T18:40:19.000Z
2018-04-02T18:40:19.892Z,::1,put weights,2018-04-02T18:40:19.000Z
2018-04-02T18:40:19.908Z,::1,get data,2018-04-02T18:40:19.000Z
2018-04-02T18:40:20.091Z,::1,put weights,2018-04-02T18:40:20.000Z
2018-04-02T18:40:20.106Z,::1,get data,2018-04-02T18:40:20.000Z
2018-04-02T18:40:20.280Z,::1,put weights,2018-04-02T18:40:20.000Z
2018-04-02T18:40:20.296Z,::1,get data,2018-04-02T18:40:20.000Z
2018-04-02T18:40:20.467Z,::1,put weights,2018-04-02T18:40:20.000Z
2018-04-02T18:40:20.483Z,::1,get data,2018-04-02T18:40:20.000Z
2018-04-02T18:40:20.652Z,::1,put weights,2018-04-02T18:40:20.000Z
2018-04-02T18:40:30.246Z,::1,get data,2018-04-02T18:40:20.000Z
2018-04-02T18:40:30.467Z,::1,put weights,2018-04-02T18:40:30.000Z
2018-04-02T18:40:30.484Z,::1,get data,2018-04-02T18:40:30.000Z
2018-04-02T18:40:30.669Z,::1,put weights,2018-04-02T18:40:30.000Z
2018-04-02T18:40:30.685Z,::1,get data,2018-04-02T18:40:30.000Z
2018-04-02T18:40:30.857Z,::1,put weights,2018-04-02T18:40:30.000Z
2018-04-02T18:40:30.874Z,::1,get data,2018-04-02T18:40:30.000Z
2018-04-02T18:40:31.038Z,::1,put weights,2018-04-02T18:40:31.000Z
2018-04-02T18:40:31.055Z,::1,get data,2018-04-02T18:40:31.000Z
2018-04-02T18:40:31.223Z,::1,put weights,2018-04-02T18:40:31.000Z
2018-04-02T18:40:31.239Z,::1,get data,2018-04-02T18:40:31.000Z
2018-04-02T18:40:40.675Z,::1,put weights,2018-04-02T18:40:31.000Z
2018-04-02T18:40:40.698Z,::1,get data,2018-04-02T18:40:40.000Z
2018-04-02T18:40:40.900Z,::1,put weights,2018-04-02T18:40:40.000Z
2018-04-02T18:40:40.915Z,::1,get data,2018-04-02T18:40:40.000Z
2018-04-02T18:40:41.096Z,::1,put weights,2018-04-02T18:40:41.000Z
2018-04-02T18:40:41.111Z,::1,get data,2018-04-02T18:40:41.000Z
2018-04-02T18:40:41.319Z,::1,put weights,2018-04-02T18:40:41.000Z
2018-04-02T18:40:41.336Z,::1,get data,2018-04-02T18:40:41.000Z
2018-04-02T18:40:41.525Z,::1,put weights,2018-04-02T18:40:41.000Z
2018-04-02T18:40:41.537Z,::1,get data,2018-04-02T18:40:41.000Z
2018-04-02T18:40:50.667Z,::1,put weights,2018-04-02T18:40:41.000Z
2018-04-02T18:40:50.685Z,::1,get data,2018-04-02T18:40:50.000Z
2018-04-02T18:40:50.917Z,::1,put weights,2018-04-02T18:40:50.000Z
2018-04-02T18:40:50.933Z,::1,get data,2018-04-02T18:40:50.000Z
2018-04-02T18:40:51.117Z,::1,put weights,2018-04-02T18:40:51.000Z
2018-04-02T18:40:51.133Z,::1,get data,2018-04-02T18:40:51.000Z
2018-04-02T18:40:51.310Z,::1,put weights,2018-04-02T18:40:51.000Z
2018-04-02T18:40:51.333Z,::1,get data,2018-04-02T18:40:51.000Z
2018-04-02T18:40:51.569Z,::1,put weights,2018-04-02T18:40:51.000Z
2018-04-02T18:40:51.585Z,::1,get data,2018-04-02T18:40:51.000Z
2018-04-02T18:41:00.826Z,::1,put weights,2018-04-02T18:40:51.000Z
2018-04-02T18:41:00.841Z,::1,get data,2018-04-02T18:41:00.000Z
2018-04-02T18:41:01.033Z,::1,put weights,2018-04-02T18:41:01.000Z
2018-04-02T18:41:01.048Z,::1,get data,2018-04-02T18:41:01.000Z
2018-04-02T18:41:01.239Z,::1,put weights,2018-04-02T18:41:01.000Z
2018-04-02T18:41:01.255Z,::1,get data,2018-04-02T18:41:01.000Z
2018-04-02T18:41:01.450Z,::1,put weights,2018-04-02T18:41:01.000Z
2018-04-02T18:41:01.466Z,::1,get data,2018-04-02T18:41:01.000Z
2018-04-02T18:41:01.675Z,::1,put weights,2018-04-02T18:41:01.000Z
2018-04-02T18:41:01.693Z,::1,get data,2018-04-02T18:41:01.000Z
2018-04-02T18:41:11.004Z,::1,put weights,2018-04-02T18:41:01.000Z
2018-04-02T18:41:11.023Z,::1,get data,2018-04-02T18:41:11.000Z
2018-04-02T18:41:11.233Z,::1,put weights,2018-04-02T18:41:11.000Z
2018-04-02T18:41:11.248Z,::1,get data,2018-04-02T18:41:11.000Z
2018-04-02T18:41:11.436Z,::1,put weights,2018-04-02T18:41:11.000Z
2018-04-02T18:41:11.450Z,::1,get data,2018-04-02T18:41:11.000Z
2018-04-02T18:41:11.632Z,::1,put weights,2018-04-02T18:41:11.000Z
2018-04-02T18:41:11.648Z,::1,get data,2018-04-02T18:41:11.000Z
2018-04-02T18:41:11.816Z,::1,put weights,2018-04-02T18:41:11.000Z
2018-04-02T18:41:11.832Z,::1,get data,2018-04-02T18:41:11.000Z
2018-04-02T18:41:21.322Z,::1,put weights,2018-04-02T18:41:11.000Z
2018-04-02T18:41:21.342Z,::1,get data,2018-04-02T18:41:21.000Z
2018-04-02T18:41:21.550Z,::1,put weights,2018-04-02T18:41:21.000Z
2018-04-02T18:41:21.571Z,::1,get data,2018-04-02T18:41:21.000Z
2018-04-02T18:41:21.755Z,::1,put weights,2018-04-02T18:41:21.000Z
2018-04-02T18:41:21.770Z,::1,get data,2018-04-02T18:41:21.000Z
2018-04-02T18:41:21.947Z,::1,put weights,2018-04-02T18:41:21.000Z
2018-04-02T18:41:21.964Z,::1,get data,2018-04-02T18:41:21.000Z
2018-04-02T18:41:22.135Z,::1,put weights,2018-04-02T18:41:22.000Z
2018-04-02T18:41:22.149Z,::1,get data,2018-04-02T18:41:22.000Z
2018-04-02T18:41:31.537Z,::1,put weights,2018-04-02T18:41:22.000Z
2018-04-02T18:41:31.554Z,::1,get data,2018-04-02T18:41:31.000Z
2018-04-02T18:41:31.774Z,::1,put weights,2018-04-02T18:41:31.000Z
2018-04-02T18:41:31.789Z,::1,get data,2018-04-02T18:41:31.000Z
2018-04-02T18:41:31.971Z,::1,put weights,2018-04-02T18:41:31.000Z
2018-04-02T18:41:31.987Z,::1,get data,2018-04-02T18:41:31.000Z
2018-04-02T18:41:32.179Z,::1,put weights,2018-04-02T18:41:32.000Z
2018-04-02T18:41:32.194Z,::1,get data,2018-04-02T18:41:32.000Z
2018-04-02T18:41:32.369Z,::1,put weights,2018-04-02T18:41:32.000Z
2018-04-02T18:41:32.380Z,::1,get data,2018-04-02T18:41:32.000Z
2018-04-02T18:41:42.130Z,::1,put weights,2018-04-02T18:41:32.000Z
2018-04-02T18:41:42.148Z,::1,get data,2018-04-02T18:41:42.000Z
2018-04-02T18:41:42.373Z,::1,put weights,2018-04-02T18:41:42.000Z
2018-04-02T18:41:42.387Z,::1,get data,2018-04-02T18:41:42.000Z
2018-04-02T18:41:42.572Z,::1,put weights,2018-04-02T18:41:42.000Z
2018-04-02T18:41:42.586Z,::1,get data,2018-04-02T18:41:42.000Z
2018-04-02T18:41:42.768Z,::1,put weights,2018-04-02T18:41:42.000Z
2018-04-02T18:41:42.785Z,::1,get data,2018-04-02T18:41:42.000Z
2018-04-02T18:41:42.974Z,::1,put weights,2018-04-02T18:41:42.000Z
2018-04-02T18:41:42.986Z,::1,get data,2018-04-02T18:41:42.000Z
2018-04-02T18:41:52.127Z,::1,put weights,2018-04-02T18:41:43.000Z
2018-04-02T18:41:52.144Z,::1,get data,2018-04-02T18:41:52.000Z
2018-04-02T18:41:52.362Z,::1,put weights,2018-04-02T18:41:52.000Z
2018-04-02T18:41:52.376Z,::1,get data,2018-04-02T18:41:52.000Z
2018-04-02T18:41:52.558Z,::1,put weights,2018-04-02T18:41:52.000Z
2018-04-02T18:41:52.574Z,::1,get data,2018-04-02T18:41:52.000Z
2018-04-02T18:41:52.756Z,::1,put weights,2018-04-02T18:41:52.000Z
2018-04-02T18:41:52.769Z,::1,get data,2018-04-02T18:41:52.000Z
2018-04-02T18:41:52.940Z,::1,put weights,2018-04-02T18:41:52.000Z
2018-04-02T18:41:52.957Z,::1,get data,2018-04-02T18:41:52.000Z
2018-04-02T18:42:02.144Z,::1,put weights,2018-04-02T18:41:53.000Z
2018-04-02T18:42:02.160Z,::1,get data,2018-04-02T18:42:02.000Z
2018-04-02T18:42:02.370Z,::1,put weights,2018-04-02T18:42:02.000Z
2018-04-02T18:42:02.385Z,::1,get data,2018-04-02T18:42:02.000Z
2018-04-02T18:42:02.568Z,::1,put weights,2018-04-02T18:42:02.000Z
2018-04-02T18:42:02.582Z,::1,get data,2018-04-02T18:42:02.000Z
2018-04-02T18:42:02.754Z,::1,put weights,2018-04-02T18:42:02.000Z
2018-04-02T18:42:02.768Z,::1,get data,2018-04-02T18:42:02.000Z
2018-04-02T18:42:02.945Z,::1,put weights,2018-04-02T18:42:02.000Z
2018-04-02T18:42:02.960Z,::1,get data,2018-04-02T18:42:02.000Z
2018-04-02T18:42:03.137Z,::1,put weights,2018-04-02T18:42:03.000Z
2018-04-02T18:42:12.142Z,::1,get data,2018-04-02T18:42:03.000Z
2018-04-02T18:42:12.370Z,::1,put weights,2018-04-02T18:42:12.000Z
2018-04-02T18:42:12.384Z,::1,get data,2018-04-02T18:42:12.000Z
2018-04-02T18:42:12.571Z,::1,put weights,2018-04-02T18:42:12.000Z
2018-04-02T18:42:12.589Z,::1,get data,2018-04-02T18:42:12.000Z
2018-04-02T18:42:12.769Z,::1,put weights,2018-04-02T18:42:12.000Z
2018-04-02T18:42:12.783Z,::1,get data,2018-04-02T18:42:12.000Z
2018-04-02T18:42:12.958Z,::1,put weights,2018-04-02T18:42:12.000Z
2018-04-02T18:42:12.973Z,::1,get data,2018-04-02T18:42:12.000Z
2018-04-02T18:42:13.134Z,::1,put weights,2018-04-02T18:42:13.000Z
2018-04-02T18:42:22.221Z,::1,get data,2018-04-02T18:42:13.000Z
2018-04-02T18:42:22.465Z,::1,put weights,2018-04-02T18:42:22.000Z
2018-04-02T18:42:22.479Z,::1,get data,2018-04-02T18:42:22.000Z
2018-04-02T18:42:22.687Z,::1,put weights,2018-04-02T18:42:22.000Z
2018-04-02T18:42:22.702Z,::1,get data,2018-04-02T18:42:22.000Z
2018-04-02T18:42:22.895Z,::1,put weights,2018-04-02T18:42:22.000Z
2018-04-02T18:42:22.913Z,::1,get data,2018-04-02T18:42:22.000Z
2018-04-02T18:42:23.091Z,::1,put weights,2018-04-02T18:42:23.000Z
2018-04-02T18:42:23.107Z,::1,get data,2018-04-02T18:42:23.000Z
2018-04-02T18:42:32.022Z,::1,put weights,2018-04-02T18:42:23.000Z
2018-04-02T18:42:32.039Z,::1,get data,2018-04-02T18:42:32.000Z
2018-04-02T18:42:32.263Z,::1,put weights,2018-04-02T18:42:32.000Z
2018-04-02T18:42:32.277Z,::1,get data,2018-04-02T18:42:32.000Z
2018-04-02T18:42:32.475Z,::1,put weights,2018-04-02T18:42:32.000Z
2018-04-02T18:42:32.489Z,::1,get data,2018-04-02T18:42:32.000Z
2018-04-02T18:42:32.690Z,::1,put weights,2018-04-02T18:42:32.000Z
2018-04-02T18:42:32.705Z,::1,get data,2018-04-02T18:42:32.000Z
2018-04-02T18:42:32.906Z,::1,put weights,2018-04-02T18:42:32.000Z
2018-04-02T18:42:32.919Z,::1,get data,2018-04-02T18:42:32.000Z
2018-04-02T18:42:42.106Z,::1,put weights,2018-04-02T18:42:33.000Z
2018-04-02T18:42:42.132Z,::1,get data,2018-04-02T18:42:42.000Z
2018-04-02T18:42:42.362Z,::1,put weights,2018-04-02T18:42:42.000Z
2018-04-02T18:42:42.376Z,::1,get data,2018-04-02T18:42:42.000Z
2018-04-02T18:42:42.563Z,::1,put weights,2018-04-02T18:42:42.000Z
2018-04-02T18:42:42.577Z,::1,get data,2018-04-02T18:42:42.000Z
2018-04-02T18:42:42.753Z,::1,put weights,2018-04-02T18:42:42.000Z
2018-04-02T18:42:42.765Z,::1,get data,2018-04-02T18:42:42.000Z
2018-04-02T18:42:42.948Z,::1,put weights,2018-04-02T18:42:42.000Z
2018-04-02T18:42:42.963Z,::1,get data,2018-04-02T18:42:42.000Z
2018-04-02T18:42:51.988Z,::1,put weights,2018-04-02T18:42:43.000Z
2018-04-02T18:42:52.004Z,::1,get data,2018-04-02T18:42:52.000Z
2018-04-02T18:42:52.209Z,::1,put weights,2018-04-02T18:42:52.000Z
2018-04-02T18:42:52.223Z,::1,get data,2018-04-02T18:42:52.000Z
2018-04-02T18:42:52.407Z,::1,put weights,2018-04-02T18:42:52.000Z
2018-04-02T18:42:52.426Z,::1,get data,2018-04-02T18:42:52.000Z
2018-04-02T18:42:52.605Z,::1,put weights,2018-04-02T18:42:52.000Z
2018-04-02T18:42:52.620Z,::1,get data,2018-04-02T18:42:52.000Z
2018-04-02T18:42:52.799Z,::1,put weights,2018-04-02T18:42:52.000Z
2018-04-02T18:42:52.814Z,::1,get data,2018-04-02T18:42:52.000Z
2018-04-02T18:42:52.984Z,::1,put weights,2018-04-02T18:42:52.000Z
2018-04-02T18:43:01.947Z,::1,get data,2018-04-02T18:42:52.000Z
2018-04-02T18:43:02.172Z,::1,put weights,2018-04-02T18:43:02.000Z
2018-04-02T18:43:02.187Z,::1,get data,2018-04-02T18:43:02.000Z
2018-04-02T18:43:02.375Z,::1,put weights,2018-04-02T18:43:02.000Z
2018-04-02T18:43:02.392Z,::1,get data,2018-04-02T18:43:02.000Z
2018-04-02T18:43:02.599Z,::1,put weights,2018-04-02T18:43:02.000Z
2018-04-02T18:43:02.612Z,::1,get data,2018-04-02T18:43:02.000Z
2018-04-02T18:43:02.770Z,::1,put weights,2018-04-02T18:43:02.000Z
2018-04-02T18:43:02.785Z,::1,get data,2018-04-02T18:43:02.000Z
2018-04-02T18:43:11.753Z,::1,put weights,2018-04-02T18:43:02.000Z
2018-04-02T18:43:11.776Z,::1,get data,2018-04-02T18:43:11.000Z
2018-04-02T18:43:12.008Z,::1,put weights,2018-04-02T18:43:12.000Z
2018-04-02T18:43:12.023Z,::1,get data,2018-04-02T18:43:12.000Z
2018-04-02T18:43:12.208Z,::1,put weights,2018-04-02T18:43:12.000Z
2018-04-02T18:43:12.222Z,::1,get data,2018-04-02T18:43:12.000Z
2018-04-02T18:43:12.407Z,::1,put weights,2018-04-02T18:43:12.000Z
2018-04-02T18:43:12.423Z,::1,get data,2018-04-02T18:43:12.000Z
2018-04-02T18:43:12.590Z,::1,put weights,2018-04-02T18:43:12.000Z
2018-04-02T18:43:12.605Z,::1,get data,2018-04-02T18:43:12.000Z
2018-04-02T18:43:22.020Z,::1,put weights,2018-04-02T18:43:12.000Z
2018-04-02T18:43:22.035Z,::1,get data,2018-04-02T18:43:22.000Z
2018-04-02T18:43:22.256Z,::1,put weights,2018-04-02T18:43:22.000Z
2018-04-02T18:43:22.271Z,::1,get data,2018-04-02T18:43:22.000Z
2018-04-02T18:43:22.472Z,::1,put weights,2018-04-02T18:43:22.000Z
2018-04-02T18:43:22.487Z,::1,get data,2018-04-02T18:43:22.000Z
2018-04-02T18:43:22.692Z,::1,put weights,2018-04-02T18:43:22.000Z
2018-04-02T18:43:22.710Z,::1,get data,2018-04-02T18:43:22.000Z
2018-04-02T18:43:22.937Z,::1,put weights,2018-04-02T18:43:22.000Z
2018-04-02T18:43:22.953Z,::1,get data,2018-04-02T18:43:22.000Z
2018-04-02T18:43:32.170Z,::1,put weights,2018-04-02T18:43:23.000Z
2018-04-02T18:43:32.198Z,::1,get data,2018-04-02T18:43:32.000Z
2018-04-02T18:43:32.403Z,::1,put weights,2018-04-02T18:43:32.000Z
2018-04-02T18:43:32.419Z,::1,get data,2018-04-02T18:43:32.000Z
2018-04-02T18:43:32.601Z,::1,put weights,2018-04-02T18:43:32.000Z
2018-04-02T18:43:32.615Z,::1,get data,2018-04-02T18:43:32.000Z
2018-04-02T18:43:32.799Z,::1,put weights,2018-04-02T18:43:32.000Z
2018-04-02T18:43:32.816Z,::1,get data,2018-04-02T18:43:32.000Z
2018-04-02T18:43:33.002Z,::1,put weights,2018-04-02T18:43:32.000Z
2018-04-02T18:43:33.017Z,::1,get data,2018-04-02T18:43:33.000Z
2018-04-02T18:43:42.533Z,::1,put weights,2018-04-02T18:43:33.000Z
2018-04-02T18:43:42.548Z,::1,get data,2018-04-02T18:43:42.000Z
2018-04-02T18:43:42.760Z,::1,put weights,2018-04-02T18:43:42.000Z
2018-04-02T18:43:42.774Z,::1,get data,2018-04-02T18:43:42.000Z
2018-04-02T18:43:42.961Z,::1,put weights,2018-04-02T18:43:42.000Z
2018-04-02T18:43:42.976Z,::1,get data,2018-04-02T18:43:42.000Z
2018-04-02T18:43:43.166Z,::1,put weights,2018-04-02T18:43:43.000Z
2018-04-02T18:43:43.181Z,::1,get data,2018-04-02T18:43:43.000Z
2018-04-02T18:43:43.356Z,::1,put weights,2018-04-02T18:43:43.000Z
2018-04-02T18:43:43.370Z,::1,get data,2018-04-02T18:43:43.000Z
2018-04-02T18:43:52.621Z,::1,put weights,2018-04-02T18:43:43.000Z
2018-04-02T18:43:52.639Z,::1,get data,2018-04-02T18:43:52.000Z
2018-04-02T18:43:52.843Z,::1,put weights,2018-04-02T18:43:52.000Z
2018-04-02T18:43:52.859Z,::1,get data,2018-04-02T18:43:52.000Z
2018-04-02T18:43:53.045Z,::1,put weights,2018-04-02T18:43:53.000Z
2018-04-02T18:43:53.059Z,::1,get data,2018-04-02T18:43:53.000Z
2018-04-02T18:43:53.237Z,::1,put weights,2018-04-02T18:43:53.000Z
2018-04-02T18:43:53.252Z,::1,get data,2018-04-02T18:43:53.000Z
2018-04-02T18:43:53.438Z,::1,put weights,2018-04-02T18:43:53.000Z
2018-04-02T18:43:53.453Z,::1,get data,2018-04-02T18:43:53.000Z
2018-04-02T18:44:02.530Z,::1,put weights,2018-04-02T18:43:53.000Z
2018-04-02T18:44:02.545Z,::1,get data,2018-04-02T18:44:02.000Z
2018-04-02T18:44:02.764Z,::1,put weights,2018-04-02T18:44:02.000Z
2018-04-02T18:44:02.780Z,::1,get data,2018-04-02T18:44:02.000Z
2018-04-02T18:44:02.959Z,::1,put weights,2018-04-02T18:44:02.000Z
2018-04-02T18:44:02.975Z,::1,get data,2018-04-02T18:44:02.000Z
2018-04-02T18:44:03.162Z,::1,put weights,2018-04-02T18:44:03.000Z
2018-04-02T18:44:03.179Z,::1,get data,2018-04-02T18:44:03.000Z
2018-04-02T18:44:03.387Z,::1,put weights,2018-04-02T18:44:03.000Z
2018-04-02T18:44:03.402Z,::1,get data,2018-04-02T18:44:03.000Z
2018-04-02T18:44:12.608Z,::1,put weights,2018-04-02T18:44:03.000Z
2018-04-02T18:44:12.623Z,::1,get data,2018-04-02T18:44:12.000Z
2018-04-02T18:44:12.847Z,::1,put weights,2018-04-02T18:44:12.000Z
2018-04-02T18:44:12.861Z,::1,get data,2018-04-02T18:44:12.000Z
2018-04-02T18:44:13.061Z,::1,put weights,2018-04-02T18:44:13.000Z
2018-04-02T18:44:13.076Z,::1,get data,2018-04-02T18:44:13.000Z
2018-04-02T18:44:13.246Z,::1,put weights,2018-04-02T18:44:13.000Z
2018-04-02T18:44:13.259Z,::1,get data,2018-04-02T18:44:13.000Z
2018-04-02T18:44:13.432Z,::1,put weights,2018-04-02T18:44:13.000Z
2018-04-02T18:44:13.447Z,::1,get data,2018-04-02T18:44:13.000Z
2018-04-02T18:44:22.576Z,::1,put weights,2018-04-02T18:44:13.000Z
2018-04-02T18:44:22.590Z,::1,get data,2018-04-02T18:44:22.000Z
2018-04-02T18:44:22.798Z,::1,put weights,2018-04-02T18:44:22.000Z
2018-04-02T18:44:22.813Z,::1,get data,2018-04-02T18:44:22.000Z
2018-04-02T18:44:23.004Z,::1,put weights,2018-04-02T18:44:22.000Z
2018-04-02T18:44:23.019Z,::1,get data,2018-04-02T18:44:23.000Z
2018-04-02T18:44:23.199Z,::1,put weights,2018-04-02T18:44:23.000Z
2018-04-02T18:44:23.213Z,::1,get data,2018-04-02T18:44:23.000Z
2018-04-02T18:44:23.388Z,::1,put weights,2018-04-02T18:44:23.000Z
2018-04-02T18:44:23.403Z,::1,get data,2018-04-02T18:44:23.000Z
2018-04-02T18:44:32.816Z,::1,put weights,2018-04-02T18:44:23.000Z
2018-04-02T18:44:32.832Z,::1,get data,2018-04-02T18:44:32.000Z
2018-04-02T18:44:33.074Z,::1,put weights,2018-04-02T18:44:33.000Z
2018-04-02T18:44:33.089Z,::1,get data,2018-04-02T18:44:33.000Z
2018-04-02T18:44:33.286Z,::1,put weights,2018-04-02T18:44:33.000Z
2018-04-02T18:44:33.305Z,::1,get data,2018-04-02T18:44:33.000Z
2018-04-02T18:44:33.514Z,::1,put weights,2018-04-02T18:44:33.000Z
2018-04-02T18:44:33.531Z,::1,get data,2018-04-02T18:44:33.000Z
2018-04-02T18:44:33.703Z,::1,put weights,2018-04-02T18:44:33.000Z
2018-04-02T18:44:33.717Z,::1,get data,2018-04-02T18:44:33.000Z
2018-04-02T18:44:42.901Z,::1,put weights,2018-04-02T18:44:33.000Z
2018-04-02T18:44:42.917Z,::1,get data,2018-04-02T18:44:42.000Z
2018-04-02T18:44:43.128Z,::1,put weights,2018-04-02T18:44:43.000Z
2018-04-02T18:44:43.143Z,::1,get data,2018-04-02T18:44:43.000Z
2018-04-02T18:44:43.325Z,::1,put weights,2018-04-02T18:44:43.000Z
2018-04-02T18:44:43.339Z,::1,get data,2018-04-02T18:44:43.000Z
2018-04-02T18:44:43.512Z,::1,put weights,2018-04-02T18:44:43.000Z
2018-04-02T18:44:43.528Z,::1,get data,2018-04-02T18:44:43.000Z
2018-04-02T18:44:43.699Z,::1,put weights,2018-04-02T18:44:43.000Z
2018-04-02T18:44:43.714Z,::1,get data,2018-04-02T18:44:43.000Z
2018-04-02T18:44:43.873Z,::1,put weights,2018-04-02T18:44:43.000Z
2018-04-02T18:44:43.893Z,::1,get data,2018-04-02T18:44:43.000Z
2018-04-02T18:44:52.795Z,::1,put weights,2018-04-02T18:44:44.000Z
2018-04-02T18:44:52.813Z,::1,get data,2018-04-02T18:44:52.000Z
2018-04-02T18:44:53.034Z,::1,put weights,2018-04-02T18:44:53.000Z
2018-04-02T18:44:53.048Z,::1,get data,2018-04-02T18:44:53.000Z
2018-04-02T18:44:53.236Z,::1,put weights,2018-04-02T18:44:53.000Z
2018-04-02T18:44:53.255Z,::1,get data,2018-04-02T18:44:53.000Z
2018-04-02T18:44:53.459Z,::1,put weights,2018-04-02T18:44:53.000Z
2018-04-02T18:44:53.474Z,::1,get data,2018-04-02T18:44:53.000Z
2018-04-02T18:44:53.694Z,::1,put weights,2018-04-02T18:44:53.000Z
2018-04-02T18:44:53.711Z,::1,get data,2018-04-02T18:44:53.000Z
